,ISRCTN,Basic results,Peer-reviewed publications,Overall trial start,Overall trial end,Record last updated,Overall trial status,Recruitment status,EudraCT number,ClinicalTrials.gov number
0,ISRCTN16993428,,2021 Preprint results in https://doi.org/10.1101/2021.03.10.21252820 (added 01/06/2021) 2021 Preprint results in https://doi.org/10.1101/2021.03.04.21252931 (added 01/06/2021) 2021 Preprint results in https://www.biorxiv.org/content/10.1101/2021.04.21.440697v1 (added 01/06/2021) 2021 Results article in https://doi.org/10.1038/s41586-020-03065-y genome-wide association study results (added 01/06/2021) 2022 Results article in https://doi.org/10.1038/s41586-022-04576-6 Critical COVID-19 results (added 31/03/2022),01/12/2014,31/08/2029,31/03/2022,Ongoing,Recruiting,Nil known,Nil known
1,ISRCTN16269648,,,01/07/2020,28/06/2022,24/06/2021,Ongoing,Recruiting,Nil known,Nil known
2,ISRCTN79488368,,,20/04/2020,20/04/2030,17/09/2021,Ongoing,Recruiting,Nil known,Nil known
3,ISRCTN98833037,,,01/01/2019,01/12/2023,12/07/2021,Ongoing,Recruiting,Nil known,Nil known
4,ISRCTN15689873,,,15/01/2021,01/11/2021,16/06/2021,Completed,No longer recruiting,Nil known,Nil known
5,ISRCTN30075312,,,01/11/2020,31/03/2021,08/07/2021,Completed,No longer recruiting,Nil known,Nil known
6,ISRCTN23403781,,,01/10/2019,28/07/2021,08/07/2021,Completed,No longer recruiting,Nil known,Nil known
7,ISRCTN15162325,,,01/06/2021,22/06/2021,15/06/2021,Completed,No longer recruiting,Nil known,Nil known
8,ISRCTN38734433,,,02/04/2020,30/06/2023,31/01/2022,Ongoing,Not yet recruiting,Nil known,Nil known
9,ISRCTN29153109,,,10/06/2020,01/08/2022,09/08/2021,Ongoing,No longer recruiting,Nil known,Nil known
10,ISRCTN48554326,,2022 Protocol article in https://pubmed.ncbi.nlm.nih.gov/35101094/ (added 02/02/2022),10/02/2021,30/12/2021,02/02/2022,Completed,No longer recruiting,Nil known,Nil known
11,ISRCTN31161020,,,25/01/2021,01/04/2022,29/10/2021,Completed,No longer recruiting,Nil known,Nil known
12,ISRCTN82492510,,,16/02/2021,01/09/2022,30/11/2021,Ongoing,Recruiting,Nil known,Nil known
13,ISRCTN15317247,,,15/03/2021,01/07/2021,08/07/2021,Completed,No longer recruiting,Nil known,Nil known
14,ISRCTN23016116,,,15/12/2020,12/09/2021,22/10/2021,Completed,No longer recruiting,Nil known,Nil known
15,ISRCTN14624773,,,01/07/2020,24/05/2024,25/05/2021,Ongoing,Recruiting,Nil known,Nil known
16,ISRCTN17395671,,,01/10/2020,30/11/2023,30/12/2021,Ongoing,Recruiting,Nil known,Nil known
17,ISRCTN14643181,,,01/11/2020,31/10/2022,01/06/2021,Ongoing,Recruiting,Nil known,Nil known
18,ISRCTN18003630,,,08/06/2020,31/08/2021,08/10/2021,Completed,No longer recruiting,Nil known,Nil known
19,ISRCTN47802196,,,10/07/2020,31/12/2021,19/05/2021,Completed,No longer recruiting,Nil known,Nil known
20,ISRCTN66682918,,2022 Results article in https://pubmed.ncbi.nlm.nih.gov/35137110/ ontrolled interrupted time series analysis of organization-level data (added 25/03/2022) 2021 Results article in https://pubmed.ncbi.nlm.nih.gov/34062898/ retrospective observational study results (added 25/03/2022),01/10/2020,31/12/2022,25/03/2022,Ongoing,No longer recruiting,Nil known,Nil known
21,ISRCTN73765130,,2021 Results article in https://doi.org/10.1016/S0140-6736(21)02717-3 (added 03/12/2021),01/02/2021,01/08/2022,01/02/2022,Ongoing,No longer recruiting,2021-002175-19,Nil known
22,ISRCTN13857593,,,10/03/2021,31/12/2021,21/03/2022,Completed,No longer recruiting,Nil known,Nil known
23,ISRCTN26200758,,,01/10/2020,21/05/2021,04/06/2021,Completed,No longer recruiting,Nil known,Nil Known
24,ISRCTN13848929,,2021 Results article in https://pubmed.ncbi.nlm.nih.gov/34217258/ (added 05/07/2021),01/09/2019,08/03/2020,05/07/2021,Completed,No longer recruiting,Nil known,Nil known
25,ISRCTN18100261,,2021 Results article in https://pubmed.ncbi.nlm.nih.gov/34534517/ (added 21/09/2021),01/01/2021,30/06/2021,21/09/2021,Completed,No longer recruiting,Nil known,Nil known
26,ISRCTN18018895,,,20/04/2021,30/07/2021,30/04/2021,Completed,No longer recruiting,Nil known,Nil known
27,ISRCTN12721265,,,25/03/2021,20/10/2021,04/05/2021,Completed,No longer recruiting,Nil known,Nil known
28,ISRCTN10839729,,,02/09/2020,28/02/2021,29/04/2021,Completed,No longer recruiting,Nil known,Nil known
29,ISRCTN47104509,,,03/08/2020,06/08/2022,04/05/2021,Ongoing,Recruiting,Nil known,Nil known
30,ISRCTN79815558,,,20/07/2020,30/06/2022,07/06/2021,Ongoing,No longer recruiting,2021-000522-97,Nil known
31,ISRCTN23769228,,,01/04/2020,01/04/2023,19/11/2021,Ongoing,No longer recruiting,Nil known,Nil known
32,ISRCTN91172459,,,07/01/2021,30/06/2022,14/03/2022,Ongoing,Recruiting,Nil known,Nil known
33,ISRCTN12272130,,,01/11/2018,31/10/2022,14/06/2021,Ongoing,Suspended,Nil Known,Nil Known
34,ISRCTN48563324,,,01/12/2020,31/10/2023,17/09/2021,Ongoing,Recruiting,Nil known,Nil known
35,ISRCTN15851697,,,01/01/2021,31/01/2024,21/04/2021,Ongoing,Recruiting,2021-001187-25,NCT04801940
36,ISRCTN34804192,,2021 Protocol article in https://pubmed.ncbi.nlm.nih.gov/34446502/ (added 31/08/2021) 2021 Preprint results in https://doi.org/10.21203/rs.3.rs-798316/v1 (added 30/09/2021) 2022 Results article in https://pubmed.ncbi.nlm.nih.gov/35143770/ (added 11/02/2022),19/02/2019,30/01/2023,11/02/2022,Ongoing,No longer recruiting,Nil known,Nil known
37,ISRCTN15677965,,2022 Results article in https://pubmed.ncbi.nlm.nih.gov/35156709/ (added 15/02/2022),01/04/2020,01/11/2021,15/02/2022,Completed,No longer recruiting,Nil known,Nil known
38,ISRCTN18304314,,,10/04/2020,10/01/2021,14/04/2021,Completed,No longer recruiting,Nil known,Nil known
39,ISRCTN14396374,,,14/02/2021,31/12/2022,20/04/2021,Ongoing,Recruiting,Nil known,Nil known
40,ISRCTN17472338,,,01/01/2020,31/12/2022,30/12/2021,Ongoing,No longer recruiting,Nil known,Nil known
41,ISRCTN22331899,,2021 Results article in https://pubmed.ncbi.nlm.nih.gov/33819910/ (added 13/01/2022),01/07/2020,01/08/2020,13/01/2022,Completed,No longer recruiting,Nil known,Nil known
42,ISRCTN14081521,,,30/09/2020,30/09/2023,01/04/2021,Ongoing,Recruiting,2020-005864-77,Nil known
43,ISRCTN14391248,,2021 Results article in https://pubmed.ncbi.nlm.nih.gov/34774197/ (added 15/11/2021),01/03/2021,30/09/2022,15/02/2022,Ongoing,No longer recruiting,2021-001124-18,Nil known
44,ISRCTN27841311,,2021 Results article in https://pubmed.ncbi.nlm.nih.gov/34883053/ (added 10/12/2021),02/03/2020,01/09/2022,10/12/2021,Ongoing,No longer recruiting,2021-001275-16,Nil known
45,ISRCTN72605600,,2021 Funder report results in https://d2tic4wvo1iusb.cloudfront.net/documents/pages/projects/TP_RE_RCT_-_Report_Final.pdf?v=1630925173 (added 21/03/2022),13/01/2021,28/06/2021,21/03/2022,Completed,No longer recruiting,Nil known,Nil Known
46,ISRCTN16393332,,,01/06/2020,31/07/2021,24/03/2021,Completed,No longer recruiting,2020-002494-10,NCT04559074
47,ISRCTN21085622,,2021 Results article in https://pubmed.ncbi.nlm.nih.gov/34379337/ (added 09/12/2021),15/03/2020,10/03/2021,09/12/2021,Completed,No longer recruiting,Nil known,Nil known
48,ISRCTN70307341,,,01/10/2020,03/12/2023,02/03/2022,Ongoing,Recruiting,Nil known,Nil known
49,ISRCTN17441953,,,01/07/2019,31/05/2023,07/09/2021,Ongoing,Recruiting,Nil known,Nil known
50,ISRCTN17401860,,,01/01/2021,30/06/2021,06/10/2021,Completed,No longer recruiting,Nil known,Nil known
51,ISRCTN15499304,,,01/02/2021,31/12/2022,19/03/2021,Ongoing,No longer recruiting,Nil known,Nil known
52,ISRCTN68832164,,,01/02/2021,01/04/2022,14/06/2021,Completed,No longer recruiting,Nil known,Nil known
53,ISRCTN17846723,,,31/01/2016,31/03/2023,24/03/2021,Ongoing,Recruiting,Nil known,Nil known
54,ISRCTN10182320,,2021 Preprint results in https://www.medrxiv.org/content/10.1101/2021.09.06.21263154v1?ct= non-peer reviewed 1st year results (added 21/09/2021),17/03/2020,30/12/2023,21/09/2021,Ongoing,Recruiting,Nil known,Nil known
55,ISRCTN46897021,,,01/01/2021,31/12/2022,17/01/2022,Ongoing,Recruiting,Nil known,Nil known
56,ISRCTN32077121,,2020 Preprint results in https://doi.org/10.1101/2020.12.15.20248254 non-peer-reviewed protocol in preprint (added 08/03/2021),01/04/2020,30/08/2021,12/03/2021,Completed,No longer recruiting,Nil known,Nil known
57,ISRCTN15328700,,,01/12/2019,30/04/2022,15/02/2022,Ongoing,No longer recruiting,Nil known,Nil known
58,ISRCTN16806663,,,10/06/2020,05/02/2021,19/03/2021,Completed,No longer recruiting,Nil known,Nil known
59,ISRCTN51046126,,,02/02/2021,30/04/2022,06/04/2021,Ongoing,No longer recruiting,Nil known,Nil known
60,ISRCTN16275601,,2021 Protocol article in https://pubmed.ncbi.nlm.nih.gov/34319235/ (added 29/07/2021),18/10/2020,31/12/2022,13/12/2021,Ongoing,Recruiting,Nil known,Nil known
61,ISRCTN76339681,,,01/06/2020,31/12/2046,06/04/2021,Ongoing,No longer recruiting,Nil known,Nil known
62,ISRCTN39426207,,,10/01/2018,30/01/2023,30/12/2021,Ongoing,Recruiting,Nil known,Nil known
63,ISRCTN78284710,,,20/03/2020,10/01/2021,01/04/2021,Completed,No longer recruiting,Nil known,NCT04611269
64,ISRCTN17354061,,2021 Interim results article in http://dx.doi.org/10.2139/ssrn.3796835 non-peer-reviewed interim results on effectiveness of first dose of COVID-19 vaccines in preprint (added 19/03/2021) 2021 Interim results article in https://pubmed.ncbi.nlm.nih.gov/34174190/ (added 07/12/2021),01/08/2019,31/10/2023,20/01/2022,Ongoing,Recruiting,Nil known,Nil known
65,ISRCTN16205138,Basic results see attached file 39512 BasicResults 10Jan2022.pdf (added 10/01/2022),,03/10/2020,01/07/2021,10/01/2022,Completed,No longer recruiting,Nil known,Nil known
66,ISRCTN55371988,,"2021 Other publications in https://doi.org/10.3390/vaccines9070685 Correlation with Age, Gender and BMI (added 05/08/2021) 2021 Other publications in https://doi.org/10.1016/j.eclinm.2021.100928 Effect of age, gender and BMI on vaccine response (added 05/08/2021)",20/12/2020,23/02/2023,05/08/2021,Ongoing,Recruiting,Nil known,Nil known
67,ISRCTN15615992,,,20/07/2017,31/07/2022,24/01/2022,Ongoing,Recruiting,Nil known,Nil known
68,ISRCTN14962466,,,02/11/2020,30/06/2021,19/02/2021,Completed,No longer recruiting,Nil known,Nil known
69,ISRCTN11204126,,,01/10/2020,31/01/2023,17/02/2021,Ongoing,No longer recruiting,Nil known,Nil known
70,ISRCTN12821688,,2021 Preprint results in https://dx.doi.org/10.2139/ssrn.3910058 (added 31/08/2021),04/01/2021,31/07/2022,11/10/2021,Ongoing,No longer recruiting,2021-000569-33,Nil known
71,ISRCTN15638344,,,02/03/2020,30/09/2022,09/06/2021,Ongoing,No longer recruiting,2020-005765-13,Nil known
72,ISRCTN61884303,,,20/12/2020,30/03/2022,10/02/2021,Completed,No longer recruiting,Nil known,Nil known
73,ISRCTN85874083,,,01/10/2020,01/09/2022,07/02/2022,Ongoing,Recruiting,Nil known,Nil known
74,ISRCTN11203922,,,20/07/2017,31/10/2022,27/10/2021,Ongoing,Recruiting,Nil known,Nil known
75,ISRCTN85436698,,,13/08/2020,11/02/2022,03/03/2022,Completed,No longer recruiting,2020-004743-83,NCT04732949
76,ISRCTN69254139,,2021 Results article in https://doi.org/10.1016/S0140-6736(21)01115-6 early results of reactogenicity data (added 18/05/2021) 2021 Results article in https://pubmed.ncbi.nlm.nih.gov/34370971/ (added 10/08/2021),01/10/2020,05/11/2022,27/09/2021,Ongoing,No longer recruiting,2020-005085-33,Nil known
77,ISRCTN15615697,,,16/09/2020,16/10/2022,17/11/2021,Ongoing,No longer recruiting,Nil known,Nil known
78,ISRCTN11265821,,,16/08/2020,30/03/2022,19/03/2021,Completed,No longer recruiting,Nil known,Nil known
79,ISRCTN13593711,,2020 Preprint results in https://doi.org/10.1101/2020.08.27.20183442 non-peer-reviewed results in preprint (added 21/01/2021) 2021 Results article in https://doi.org/10.1056/NEJMoa2028700 results (added 17/03/2021),10/03/2020,28/07/2020,17/03/2021,Completed,No longer recruiting,2020-001154-22,NCT04320615
80,ISRCTN17941313,,,21/08/2020,20/02/2022,20/01/2021,Completed,No longer recruiting,Nil known,Nil known
81,ISRCTN51124684,,,01/09/2020,31/08/2022,29/09/2021,Ongoing,Recruiting,Nil known,Nil known
82,ISRCTN37254291,,2021 Results article in https://pubmed.ncbi.nlm.nih.gov/33991482/ (added 17/05/2021),13/12/2020,01/02/2021,17/05/2021,Completed,No longer recruiting,Nil known,Nil known
83,ISRCTN13450549,,,07/05/2020,14/01/2021,14/02/2022,Completed,No longer recruiting,Nil known,Nil known
84,ISRCTN11041050,,2020 Preprint results in https://doi.org/10.1101/2020.12.15.20247981 protocol (not peer reviewed) in preprint (added 08/01/2021) 2021 Preprint results in http://dx.doi.org/10.2139/ssrn.3790399 non-peer-reviewed results on efficacy of BNT162b2 mRNA vaccine in preprint (added 16/03/2021) 2022 Results article in https://pubmed.ncbi.nlm.nih.gov/35172051/ (added 17/02/2022),19/05/2020,31/03/2022,17/02/2022,Completed,No longer recruiting,Nil known,Nil known
85,ISRCTN18107122,,2021 Preprint results in https://preprints.jmir.org/preprint/34002 (added 10/11/2021) 2022 Results article in https://pubmed.ncbi.nlm.nih.gov/35044927/ (added 20/01/2022),26/03/2020,14/10/2020,20/01/2022,Completed,No longer recruiting,Nil known,Nil known
86,ISRCTN85787008,,2021 Results article in https://pubmed.ncbi.nlm.nih.gov/33682592/ results (added 09/03/2021),20/02/2020,12/10/2020,09/03/2021,Completed,No longer recruiting,Nil Known,Nil Known
87,ISRCTN14376817,,,04/09/2020,18/03/2022,14/03/2022,Completed,No longer recruiting,Nil known,Nil known
88,ISRCTN14037053,,,26/11/2020,31/01/2022,30/12/2020,Completed,No longer recruiting,Nil known,NCT04685603
89,ISRCTN27707558,,,18/12/2020,30/06/2021,31/12/2020,Completed,No longer recruiting,Nil known,Nil known
90,ISRCTN95881792,,,22/06/2020,31/12/2025,16/02/2021,Ongoing,Recruiting,Nil known,Nil known
91,ISRCTN14652655,,2020 Preprint results in https://doi.org/10.2196/preprints.26858 (added 14/01/2022),29/11/2020,16/12/2020,14/01/2022,Completed,No longer recruiting,Nil known,U1111-1262-3753
92,ISRCTN82411169,,,10/07/2020,31/08/2021,25/03/2021,Completed,No longer recruiting,2020-005062-33,NCT04671017
93,ISRCTN69564614,,2022 Protocol article in https://doi.org/10.1186/s40814-022-00984-7 (added 01/02/2022),01/08/2020,31/01/2022,01/02/2022,Completed,No longer recruiting,Nil known,Nil known
94,ISRCTN91064601,,2021 Results article in https://pubmed.ncbi.nlm.nih.gov/33557402/ (added 25/03/2021),15/03/2020,06/08/2020,25/03/2021,Completed,No longer recruiting,Nil known,Nil known
95,ISRCTN14159936,,,01/01/2020,01/08/2021,04/01/2021,Completed,No longer recruiting,Nil known,Nil known
96,ISRCTN27106947,,2020 Protocol article in https://pubmed.ncbi.nlm.nih.gov/32560744/ protocol (added 03/12/2020),31/03/2020,31/12/2022,20/08/2021,Ongoing,Recruiting,2020-001860-27,NCT04746183
97,ISRCTN11713182,,,30/04/2020,30/09/2021,02/12/2020,Completed,No longer recruiting,2020-002567-57,Nil known
98,ISRCTN12735607,,,01/04/2020,31/03/2021,01/12/2020,Completed,No longer recruiting,Nil known,Nil known
99,ISRCTN19845486,,,27/01/2020,31/03/2021,01/12/2020,Completed,No longer recruiting,Nil known,Nil known
100,ISRCTN77689525,,,01/06/2020,31/05/2021,02/06/2021,Completed,No longer recruiting,Nil known,Nil known
101,ISRCTN33037282,,2021 Results article in https://pubmed.ncbi.nlm.nih.gov/34033648/ (added 14/03/2022),01/04/2020,15/11/2020,14/03/2022,Completed,No longer recruiting,Nil known,Nil known
102,ISRCTN11811602,,2021 Preprint results in https://doi.org/10.1101/2021.02.23.21251975 non-peer-reviewed protocol in preprint (added 17/03/2021) 2021 Preprint results in https://doi.org/10.1101/2021.03.03.21252737 non-peer-reviewed results in preprint (added 17/03/2021) 2021 Protocol article in https://pubmed.ncbi.nlm.nih.gov/34535484/ (added 21/09/2021),01/08/2020,01/08/2045,21/09/2021,Ongoing,No longer recruiting,Nil known,Nil known
103,ISRCTN11466448,,2021 Protocol article in https://doi.org/10.1186/s13063-020-04978-9 protocol (added 07/01/2021),01/09/2020,30/06/2023,22/02/2022,Ongoing,Recruiting,Nil known,Nil known
104,ISRCTN77941736,,,01/10/2020,30/03/2021,04/12/2020,Completed,No longer recruiting,Nil known,Nil known
105,ISRCTN11946807,,,01/08/2020,30/11/2021,01/11/2021,Completed,No longer recruiting,Nil known,Nil known
106,ISRCTN11970082,,2020 Preprint results in https://doi.org/10.1101/2020.12.14.20245266 non-peer-reviewed results in preprint (added 17/03/2021),27/07/2020,01/01/2021,17/03/2021,Completed,No longer recruiting,Nil known,Nil known
107,ISRCTN63459073,,,01/02/2019,01/06/2021,20/11/2020,Completed,No longer recruiting,Nil known,Nil known
108,ISRCTN12792822,,,02/10/2020,30/06/2021,16/03/2021,Completed,No longer recruiting,Nil known,Nil known
109,ISRCTN90437126,,,10/04/2020,30/08/2022,24/02/2022,Ongoing,No longer recruiting,Nil known,Nil known
110,ISRCTN40292537,,2020 Protocol article in https://pubmed.ncbi.nlm.nih.gov/32565483/ protocol published at: 2021 Preprint results in http://dx.doi.org/10.2139/ssrn.3789264 non-peer-reviewed results (added 23/03/2021),01/03/2020,30/09/2021,23/03/2021,Completed,No longer recruiting,Nil known,Nil known
111,ISRCTN14810048,,2020 Preprint results in https://doi.org/10.1101/2020.07.21.20158972 non-peer-reviewed results in preprint (added 17/03/2021) 2021 Results article in https://pubmed.ncbi.nlm.nih.gov/33730058/ (added 16/04/2021),11/03/2020,31/07/2020,16/04/2021,Completed,No longer recruiting,Nil known,Nil known
112,ISRCTN12833010,,,04/05/2020,31/12/2020,03/12/2020,Completed,No longer recruiting,Nil known,Nil known
113,ISRCTN15019599,,,11/08/2020,24/08/2022,17/03/2021,Ongoing,No longer recruiting,Nil known,NCT04603105
114,ISRCTN16842454,,,26/04/2020,13/12/2020,10/11/2020,Completed,No longer recruiting,Nil known,Nil known
115,ISRCTN25647404,Basic results see attached file ISRCTN25647404_BasicResults_24Feb22.pdf (added 24/02/2022),2022 Preprint results in https://doi.org/10.1101/2022.02.16.22270842 (added 18/02/2022),20/05/2020,27/12/2020,24/02/2022,Completed,No longer recruiting,Nil known,Nil known
116,ISRCTN10989132,,,01/01/2018,01/11/2023,01/02/2022,Ongoing,Recruiting,Nil known,Nil known
117,ISRCTN63911163,,,01/04/2020,05/06/2025,05/11/2020,Ongoing,Recruiting,Nil known,Nil known
118,ISRCTN14722499,,,15/07/2020,10/05/2023,18/11/2021,Ongoing,No longer recruiting,2020-003643-29,NCT04614948
119,ISRCTN79623250,,2020 Protocol article in https://pubmed.ncbi.nlm.nih.gov/33237877/ protocol (added 12/01/2021) 2021 Results article in https://pubmed.ncbi.nlm.nih.gov/34738912/ (added 08/11/2021),31/03/2020,02/09/2020,08/11/2021,Completed,No longer recruiting,Nil known,Nil known
120,ISRCTN15874265,"Basic results in https://www.clinicaltrialsregister.eu/ctr-search/trial/2020-000841-15/results,",2020 Results article in https://pubmed.ncbi.nlm.nih.gov/32459919/ results (added 29/10/2020),11/02/2020,30/06/2020,19/03/2021,Completed,No longer recruiting,2020-000841-15,NCT04292899
121,ISRCTN85762140,Basic results in https://clinicaltrials.gov/ct2/show/results/NCT04292730,2020 Results article in https://pubmed.ncbi.nlm.nih.gov/32821939/ (added 25/03/2021),11/02/2020,26/06/2020,25/03/2021,Completed,No longer recruiting,2020-000842-32,NCT04292730
122,ISRCTN16865246,,2021 Results article in https://www.ncbi.nlm.nih.gov/pmc/articles/PMC7892300/ results of association between sleep disordered breathing and respiratory symptoms (added 19/03/2021),11/09/2020,30/07/2021,19/03/2021,Completed,No longer recruiting,Nil known,Nil known
123,ISRCTN13953727,,2021 Protocol article in https://pubmed.ncbi.nlm.nih.gov/33939619/ (added 05/05/2021),15/05/2020,30/05/2021,05/05/2021,Completed,No longer recruiting,Nil known,Nil known
124,ISRCTN13539303,,,08/03/2020,30/04/2024,28/10/2020,Ongoing,Recruiting,,NCT04366986
125,ISRCTN18172749,,,01/10/2020,31/03/2022,11/02/2022,Completed,No longer recruiting,Nil known,Nil known
126,ISRCTN12890382,,,01/09/2020,31/03/2023,11/11/2021,Ongoing,Recruiting,Nil known,Nil known
127,ISRCTN66141262,,,01/04/2020,30/04/2021,12/08/2021,Completed,No longer recruiting,Nil known,Nil known
128,ISRCTN13773960,,2021 Preprint results in https://doi.org/10.1101/2021.03.08.21252839 non-peer-reviewed results in preprint (added 17/03/2021),01/09/2017,31/03/2025,17/03/2021,Ongoing,Recruiting,Nil known,Nil known
129,ISRCTN13235264,,,01/04/2020,30/11/2021,03/02/2022,Completed,No longer recruiting,Nil known,Nil known
130,ISRCTN45562523,,2021 Results article in https://pubmed.ncbi.nlm.nih.gov/33357491/ (added 25/03/2021),06/04/2020,31/07/2020,25/03/2021,Completed,No longer recruiting,Nil known,Nil known
131,ISRCTN21447815,,2021 Preprint results in https://doi.org/10.1101/2021.01.29.21250552 non-peer-reviewed aerosol emission results in preprint (added 19/03/2021) 2021 Results article in https://pubmed.ncbi.nlm.nih.gov/34700360/ manual facemask ventilation quantitative evaluation (added 27/10/2021) 2021 Preprint results in https://doi.org/10.1101/2021.12.12.21267658 tracheal intubation and extubation sequences quantitative evaluation in preprint (added 16/12/2021),19/09/2020,19/09/2021,16/12/2021,Completed,No longer recruiting,Nil known,Nil known
132,ISRCTN82901740,,,01/09/2020,31/03/2022,02/09/2021,Completed,No longer recruiting,Nil known,Nil known
133,ISRCTN18428598,,,01/06/2019,31/01/2023,01/10/2020,Ongoing,No longer recruiting,Nil known,Nil known
134,ISRCTN10197987,Basic results see attached file ISRCTN10197987_BasicResults_04May2021.docx (added 05/05/2021),2020 Preprint results in https://doi.org/10.1101/2020.11.27.20234997 non-peer-reviewed results in preprint (added 16/03/2021),30/04/2020,20/11/2020,05/05/2021,Completed,No longer recruiting,Nil known,Nil known
135,ISRCTN32891583,,,01/05/2020,15/10/2021,01/10/2020,Completed,No longer recruiting,Nil known,Nil known
136,ISRCTN14707226,,2021 Protocol article in https://pubmed.ncbi.nlm.nih.gov/34055711/ (added 01/06/2021),06/04/2020,31/12/2023,01/06/2021,Ongoing,Recruiting,Nil known,Nil known
137,ISRCTN18395399,,2021 Preprint results in https://doi.org/10.1101/2021.01.21.20240887 non-peer-reviewed baseline mental health survey results in preprint (added 19/03/2021),01/04/2020,23/04/2022,19/03/2021,Ongoing,Recruiting,Nil known,Nil known
138,ISRCTN57085639,,2020 Protocol article in https://pubmed.ncbi.nlm.nih.gov/32736596/ (added 13/08/2021),20/04/2020,04/09/2021,13/08/2021,Completed,No longer recruiting,2020-001736-95,Nil known
139,ISRCTN53038326,,,23/03/2020,30/06/2023,29/09/2021,Ongoing,No longer recruiting,2020-001805-21,NCT04516915
140,ISRCTN56609224,,"2021 Preprint results in https://doi.org/10.1101/2021.01.30.21250777 comparing AbC-19™ Rapid Test, OrientGene COVID IgG/IgM Rapid Test Cassette, SureScreen COVID-19 Rapid Test Cassette, and Biomerica COVID-19 IgG/IgM Rapid Test (added 13/08/2021) 2020 Results article in https://pubmed.ncbi.nlm.nih.gov/33177070/ AbC-19 Rapid Test (added 13/08/2021)",01/04/2020,01/06/2021,13/08/2021,Completed,No longer recruiting,Nil known,Nil known
141,ISRCTN45176516,,2021 Results article in https://pubmed.ncbi.nlm.nih.gov/33903149/ SARS-CoV-2 vaccine immunogenicity results (added 13/08/2021) 2021 Results article in https://pubmed.ncbi.nlm.nih.gov/33753421/ anti-SARS-CoV-2 antibody response result (added 13/08/2021),30/05/2020,08/10/2021,13/08/2021,Completed,No longer recruiting,Nil known,Nil known
142,ISRCTN10373531,,2021 Results article in https://pubmed.ncbi.nlm.nih.gov/34023324/ (added 09/08/2021),01/10/2018,06/03/2020,09/08/2021,Completed,No longer recruiting,Nil known,Nil known
143,ISRCTN51232965,,,16/03/2020,22/09/2021,10/09/2020,Completed,No longer recruiting,Nil known,NCT04495933
144,ISRCTN34160010,,2021 Results article in https://pubmed.ncbi.nlm.nih.gov/34098889/ (added 09/06/2021),22/04/2020,02/09/2020,09/06/2021,Completed,No longer recruiting,Nil known,Nil known
145,ISRCTN21086382,,2021 Interim results article in https://pubmed.ncbi.nlm.nih.gov/33308423/ interim results for April to November (added 16/12/2020) 2021 Preprint results in https://doi.org/10.1101/2021.01.13.21249721 non-peer-reviewed results on prevalence of new variant in preprint (added 19/03/2021) 2021 Preprint results in https://doi.org/10.1101/2021.04.22.21255913 non-peer-reviewed results (added 11/06/2021) 2021 Preprint results in https://www.medrxiv.org/content/10.1101/2021.09.13.21263487v1 non-peer-reviewed results (added 21/09/2021) 2021 Preprint results in https://doi.org/10.1101/2021.11.15.21266255 non-peer-reviewed results of the behavioural effects of COVID-19 vaccination in the UK (added 19/11/2021),14/04/2020,31/07/2023,19/11/2021,Ongoing,No longer recruiting,Nil known,Nil known
146,ISRCTN13177364,,2021 Protocol article in https://pubmed.ncbi.nlm.nih.gov/34039574/ (added 28/05/2021) 2021 Results article in https://pubmed.ncbi.nlm.nih.gov/34724949/ (added 14/02/2022),20/07/2020,31/01/2022,14/02/2022,Completed,No longer recruiting,Nil known,Nil known
147,ISRCTN95933274,,2021 Results article in https://pubmed.ncbi.nlm.nih.gov/33315181/ results (added 16/12/2020),15/04/2020,16/06/2021,16/12/2020,Completed,No longer recruiting,Nil known,Nil known
148,ISRCTN31062548,,2020 Protocol article in https://pubmed.ncbi.nlm.nih.gov/33213530/ protocol (added 23/11/2020),01/04/2020,31/03/2023,21/03/2022,Ongoing,Recruiting,2020-001904-41,Nil known
149,ISRCTN89159899,,2022 Results article in https://pubmed.ncbi.nlm.nih.gov/35139037/ (added 10/02/2022),18/03/2020,14/04/2021,14/02/2022,Completed,No longer recruiting,Nil known,Nil known
150,ISRCTN33260034,,,01/07/2020,31/12/2021,20/10/2021,Stopped,Stopped,2020-003628-18,Nil known
151,ISRCTN12154994,,2020 Preprint results in https://doi.org/10.21203/rs.3.rs-77405/v2 non-peer-reviewed protocol in preprint (added 17/03/2021) 2021 Protocol article in https://pubmed.ncbi.nlm.nih.gov/33964872/ (added 11/05/2021),23/03/2020,01/03/2021,11/05/2021,Completed,No longer recruiting,Nil known,Nil known
152,ISRCTN15634328,,2021 Results article in https://pubmed.ncbi.nlm.nih.gov/33987193/ 3-month follow-up results (added 28/01/2022),22/04/2020,31/03/2021,28/01/2022,Completed,No longer recruiting,Nil known,Nil known
153,ISRCTN14602359,,2021 Protocol article in https://pubmed.ncbi.nlm.nih.gov/33836825/ (added 12/04/2021),30/03/2020,10/03/2021,20/04/2021,Completed,No longer recruiting,Nil known,Nil known
154,ISRCTN74727214,,2021 Results article in https://pubmed.ncbi.nlm.nih.gov/33217576/ results (added 15/01/2021),25/05/2020,15/08/2020,15/01/2021,Completed,No longer recruiting,Nil known,Nil known
155,ISRCTN59449699,,,06/08/2020,05/08/2021,29/09/2020,Completed,No longer recruiting,Nil known,Nil known
156,ISRCTN15913068,,,06/05/2020,30/06/2022,02/06/2021,Ongoing,No longer recruiting,2020-001786-36,NCT04379076
157,ISRCTN36352994,,2021 Results article in https://doi.org/10.1136/oemed-2021-107628 (added 01/09/2021),01/08/2020,01/03/2021,01/09/2021,Completed,No longer recruiting,Nil known,Nil known
158,ISRCTN13455972,,,01/07/2020,30/09/2020,30/10/2020,Completed,No longer recruiting,Nil known,Nil known
159,ISRCTN58667920,,2021 Protocol article in https://pubmed.ncbi.nlm.nih.gov/34112195/ (added 14/06/2021),16/04/2020,31/07/2022,14/06/2021,Ongoing,No longer recruiting,Nil known,Nil Known
160,ISRCTN93382525,,,01/02/2020,30/11/2024,23/11/2020,Ongoing,Recruiting,Nil known,Nil known
161,ISRCTN17782018,,2021 Results article in https://pubmed.ncbi.nlm.nih.gov/34531224/ Cancer symptom experience and help-seeking behaviour (added 21/09/2021) 2021 Results article in https://pubmed.ncbi.nlm.nih.gov/34599921/ cancer screening intentions (added 30/12/2021),30/06/2020,31/03/2022,30/12/2021,Completed,No longer recruiting,Nil known,Nil known
162,ISRCTN60033461,,2021 Results article in https://pubmed.ncbi.nlm.nih.gov/33181124/ results (added 16/02/2021),01/03/2020,30/09/2022,17/03/2022,Ongoing,No longer recruiting,Nil known,Nil known
163,ISRCTN21598625,,2020 Results article in https://pubmed.ncbi.nlm.nih.gov/33262714/ results (added 08/03/2021),04/05/2020,13/07/2020,08/03/2021,Completed,No longer recruiting,Nil known,Nil known
164,ISRCTN16561225,,2020 Preprint results in https://doi.org/10.1101/2020.10.29.20215996 non-peer-reviewed survey results on service innovation and practice change in preprint (added 19/03/2021) 2021 Results article in https://pubmed.ncbi.nlm.nih.gov/33556496/ survey results on challenges (added 19/03/2021) 2021 Funder report results in https://www.mariecurie.org.uk/globalassets/media/documents/policy/policy-publications/2021/better-end-of-life-research-report.pdf (added 24/11/2021),01/04/2020,30/11/2021,24/11/2021,Completed,No longer recruiting,Nil known,Nil known
165,ISRCTN17896927,,2020 Preprint results in https://doi.org/10.21203/rs.3.rs-96261/v1 non-peer-reviewed results in preprint (added 19/03/2021),01/05/2020,24/07/2020,19/03/2021,Completed,No longer recruiting,Nil known,Nil known
166,ISRCTN13035264,,2020 Results article in https://pubmed.ncbi.nlm.nih.gov/32445440/ (added 14/04/2021),17/03/2020,30/08/2020,14/04/2021,Completed,No longer recruiting,2020-001052-18,NCT04280705
167,ISRCTN17717312,,,06/04/2020,24/04/2025,07/08/2020,Ongoing,Recruiting,Nil known,Nil known
168,ISRCTN17301812,,2020 Results article in https://pubmed.ncbi.nlm.nih.gov/33153065/ results (added 19/03/2021),20/05/2020,31/12/2020,19/03/2021,Completed,No longer recruiting,Nil known,Nil known
169,ISRCTN14990068,,Preprint results in https://doi.org/10.1101/2020.12.21.20248619 non-peer-reviewed results of efficacy of a proximity tracing app in preprint (added 17/03/2021) 2021 Preprint results in https://doi.org/10.1101/2021.02.27.21252572 non-peer-reviewed results on long-term disease burden in preprint (added 17/03/2021),01/05/2020,30/09/2022,17/03/2021,Ongoing,No longer recruiting,Nil known,Nil known
170,ISRCTN14212905,,2021 Protocol article in https://pubmed.ncbi.nlm.nih.gov/34911721/ (added 17/12/2021),01/03/2020,01/12/2022,04/02/2022,Ongoing,Recruiting,2020-002230-32,NCT04473053
171,ISRCTN10980107,,"2021 Interim results article in https://pubmed.ncbi.nlm.nih.gov/34404775/ Two doses of SARS-CoV-2 vaccination induce robust immune responses to emerging SARS-CoV-2 variants of concern (added 19/08/2021) 2021 Results article in https://pubmed.ncbi.nlm.nih.gov/34627560/ (added 11/10/2021) 2021 Interim results article in https://pubmed.ncbi.nlm.nih.gov/34693230/ Symptom Persistence Despite Improvement in Cardiopulmonary Health - Insights from longitudinal CMR, CPET and lung function testing post-COVID-19 (added 26/10/2021) 2021 Preprint results in https://doi.org/10.1101/2021.12.13.21267471 preprint of clinical characteristics with inflammation profiling of Long-COVID and association with one-year recovery following hospitalisation in the UK (added 16/12/2021)",15/04/2020,31/12/2046,16/12/2021,Ongoing,No longer recruiting,,
172,ISRCTN10207947,,,29/04/2020,21/03/2022,28/01/2022,Completed,No longer recruiting,2020-001441-39,NCT04303507
173,ISRCTN14241621,,2020 Results article in https://doi.org/10.1016/S2213-2600(20)30511-7 pilot results in hospitalised patients (added 26/11/2020),05/03/2020,31/05/2021,26/11/2020,Completed,No longer recruiting,2020-001023-14,NCT04385095
174,ISRCTN14226970,,2021 Protocol article in https://pubmed.ncbi.nlm.nih.gov/33557927/ protocol (added 10/02/2021),01/04/2020,03/10/2022,16/03/2022,Ongoing,Recruiting,Nil known,Nil known
175,ISRCTN67000769,,2020 Protocol article in https://pubmed.ncbi.nlm.nih.gov/32267771/ protocol (added 16/07/2020) 2020 Results article in https://pubmed.ncbi.nlm.nih.gov/32876697/ results for hydrocortisone (added 03/09/2020) 2021 Preprint results in https://doi.org/10.1101/2021.01.07.21249390 results for tocilizumab and sarilumab in preprint (added 08/01/2021) 2021 Results article in https://doi.org/10.1056/NEJMoa2100433 results for tocilizumab and sarilumab (added 18/03/2021),11/04/2016,31/12/2023,09/02/2022,Ongoing,Recruiting,2015-002340-14,NCT02735707
176,ISRCTN60069084,,,21/03/2020,01/10/2021,03/08/2020,Completed,No longer recruiting,Nil known,NCT04455243
177,ISRCTN86124626,,,30/03/2020,01/10/2022,23/03/2022,Ongoing,Recruiting,Nil known,NCT04408170
178,ISRCTN89573163,,,06/04/2020,30/04/2025,21/07/2020,Ongoing,Recruiting,2020-002016-48,Nil known
179,ISRCTN91495258,,,14/06/2020,31/12/2021,01/04/2021,Completed,No longer recruiting,Nil known,Nil known
180,ISRCTN10175886,,2021 Results article in https://pubmed.ncbi.nlm.nih.gov/33737439/ (added 11/03/2022),16/03/2020,17/03/2022,11/03/2022,Completed,No longer recruiting,Nil known,NCT04382508
181,ISRCTN18181860,,2020 Results article in https://www.doi.org/10.1016/S0140-6736(20)31304-0 early results (added 09/07/2020) 2020 Protocol article in https://pubmed.ncbi.nlm.nih.gov/33098441/ protocol (added 26/10/2020) 2022 Results article in https://pubmed.ncbi.nlm.nih.gov/35296242/ Seroprevalence and attitudes of care home and in-home care staff (added 18/03/2022),18/03/2019,31/12/2022,18/03/2022,Ongoing,Recruiting,Nil known,Nil known
182,ISRCTN48734830,,,21/04/2020,31/01/2022,13/12/2021,Stopped,Stopped,2020-002040-22,Nil known
183,ISRCTN10378358,,,15/06/2020,01/03/2022,15/03/2022,Stopped,No longer recruiting,Nil known,Nil known
184,ISRCTN14025343,,2020 Results article in https://pubmed.ncbi.nlm.nih.gov/32560550/ results (added 04/07/2020) 2020 Results article in https://doi.org/10.3390/nu12082289 results (added 04/08/2020),09/04/2020,19/06/2020,04/08/2020,Completed,No longer recruiting,Nil known,Nil known
185,ISRCTN18077365,,,23/04/2020,24/06/2021,02/07/2020,Completed,No longer recruiting,Nil known,Nil known
186,ISRCTN68675756,,2020 Results article in https://pubmed.ncbi.nlm.nih.gov/33192723/ results (added 17/11/2020),01/02/2020,22/03/2020,17/11/2020,Completed,No longer recruiting,Nil known,Nil known
187,ISRCTN13990999,,2020 Results article in https://pubmed.ncbi.nlm.nih.gov/32899333/ results (added 17/03/2021),26/02/2020,25/05/2020,17/03/2021,Completed,No longer recruiting,Nil known,Nil known
188,ISRCTN12394803,,,01/01/2020,30/05/2025,22/06/2020,Ongoing,Recruiting,Nil known,Nil known
189,ISRCTN60400862,,2021 Results article in https://pubmed.ncbi.nlm.nih.gov/33987193/ (added 28/01/2022),06/04/2020,03/07/2020,28/01/2022,Completed,No longer recruiting,Nil known,Nil known
190,ISRCTN13471603,,2020 Results article in https://pubmed.ncbi.nlm.nih.gov/33139334/ (added 18/05/2021) 2021 Results article in https://pubmed.ncbi.nlm.nih.gov/33401942/ (added 18/05/2021),01/06/2020,01/11/2020,18/05/2021,Completed,No longer recruiting,Nil known,Nil known
191,ISRCTN54917435,,2021 Results article in https://pubmed.ncbi.nlm.nih.gov/34127046/ (added 13/08/2021),20/04/2020,25/06/2021,13/08/2021,Completed,No longer recruiting,Nil known,Nil known
192,ISRCTN89951424,,2021 Interim results article in https://pubmed.ncbi.nlm.nih.gov/33306989/ interim results (added 09/12/2020) 2021 Results article in https://pubmed.ncbi.nlm.nih.gov/33617777/ results (added 23/02/2021),01/05/2020,31/03/2023,19/01/2022,Ongoing,No longer recruiting,Nil known,Nil known
193,ISRCTN93266696,,,07/05/2020,06/06/2022,18/08/2020,Ongoing,No longer recruiting,Nil known,Nil known
194,ISRCTN15475176,,,01/03/2020,28/02/2021,16/06/2020,Completed,No longer recruiting,Nil known,Nil known
195,ISRCTN94091479,,2021 Results article in https://doi.org/10.1371/journal.pmed.1003779 (added 13/10/2021),01/04/2020,31/12/2021,13/10/2021,Completed,No longer recruiting,Nil known,Nil known
196,ISRCTN14447421,,2020 Protocol article in https://doi.org/10.12688/wellcomeopenres.16193.2 (added 05/02/2021) 2021 Protocol article in https://pubmed.ncbi.nlm.nih.gov/33564722/ protocol (added 05/02/2021) 2021 Results article in https://pubmed.ncbi.nlm.nih.gov/34174193/ first dose results (added 28/06/2021) 2021 Results article in https://pubmed.ncbi.nlm.nih.gov/34430954/ observational cohort sub-study (added 26/08/2021),28/05/2020,31/03/2023,01/04/2022,Ongoing,Recruiting,Nil known,Nil known
197,ISRCTN59048638,Basic results see attached file ISRCTN59048638_BasicResults_04Dec2020.pdf (added 11/12/2020),2021 Results article in https://pubmed.ncbi.nlm.nih.gov/33677827/ results (added 08/03/2021),15/04/2020,30/11/2020,08/03/2021,Completed,No longer recruiting,Nil known,Nil known
198,ISRCTN17072692,,2022 Results article in https://pubmed.ncbi.nlm.nih.gov/35043093/ (added 20/01/2022),01/04/2020,31/07/2021,20/01/2022,Completed,No longer recruiting,2020-001646-20,Nil known
199,ISRCTN33578935,,,26/04/2020,31/12/2020,08/06/2020,Completed,No longer recruiting,2020-002326-90,Nil known
200,ISRCTN69546370,,2021 Results article in https://pubmed.ncbi.nlm.nih.gov/34133854/ (added 17/06/2021),08/05/2020,31/05/2022,17/06/2021,Ongoing,Recruiting,Nil known,Nil known
201,ISRCTN55886926,,,27/03/2020,06/06/2021,07/07/2020,Completed,No longer recruiting,Nil known,Nil known
202,ISRCTN15324611,,2020 Results article in https://pubmed.ncbi.nlm.nih.gov/33039952/ results (added 17/03/2021),02/03/2020,15/05/2020,17/03/2021,Completed,No longer recruiting,Nil known,Nil known
203,ISRCTN11952463,,,04/07/2019,30/06/2022,05/11/2021,Ongoing,No longer recruiting,Nil known,NCT04061382
204,ISRCTN99248812,,2022 Results article in https://pubmed.ncbi.nlm.nih.gov/35174419/ (added 04/03/2022),01/04/2020,10/07/2020,04/03/2022,Completed,No longer recruiting,Nil known,Nil known
205,ISRCTN15571919,,,10/04/2020,01/02/2022,28/05/2020,Completed,No longer recruiting,Nil known,Nil known
206,ISRCTN11060415,,2020 Preprint results in https://doi.org/10.1101/2020.11.02.20221309 non-peer-reviewed results in preprint (added 16/03/2021),29/04/2020,28/10/2020,16/03/2021,Completed,No longer recruiting,Nil known,NCT04406038
207,ISRCTN12107048,,,07/04/2020,30/09/2021,21/01/2022,Completed,No longer recruiting,Nil known,Nil known
208,ISRCTN40302986,,2021 Results article in https://doi.org/10.1093/qjmed/hcab035 (added 23/03/2021),23/04/2020,06/10/2020,23/03/2021,Completed,No longer recruiting,Nil known,Nil known
209,ISRCTN11384058,,2020 Preprint results in https://doi.org/10.1101/2020.07.21.20157719 non-peer-reviewed results in preprint (added 17/03/2021) 2021 Results article in https://www.ncbi.nlm.nih.gov/pmc/articles/PMC7845497/ results (added 17/03/2021) 2021 Results article in https://pubmed.ncbi.nlm.nih.gov/33640936/ (added 16/04/2021),25/03/2020,15/06/2020,16/04/2021,Completed,No longer recruiting,Nil known,Nil known
210,ISRCTN99916292,,,20/03/2020,11/01/2022,10/01/2022,Completed,No longer recruiting,2020-001402-38,NCT04333732
211,ISRCTN15254871,,,06/04/2020,15/12/2020,21/05/2020,Completed,No longer recruiting,Nil known,Nil known
212,ISRCTN13447477,,,15/03/2020,28/02/2021,23/10/2020,Completed,No longer recruiting,Nil known,Nil known
213,ISRCTN64783542,,2020 Results article in https://pubmed.ncbi.nlm.nih.gov/33351117/ (added 13/07/2021),01/03/2020,30/11/2020,13/07/2021,Completed,No longer recruiting,Nil known,Nil known
214,ISRCTN10437835,,2020 Results article in https://pubmed.ncbi.nlm.nih.gov/33049385/ results (added 16/10/2020),23/01/2020,31/07/2023,30/12/2021,Ongoing,Recruiting,Nil known,Nil known
215,ISRCTN30564012,,,30/03/2020,28/02/2021,01/11/2021,Completed,No longer recruiting,2020-001643-13,Nil known
216,ISRCTN50212645,,,17/03/2020,31/07/2021,15/02/2022,Completed,No longer recruiting,Nil known,NCT04405934
217,ISRCTN21363594,,2020 Protocol article in https://doi.org/10.1186/s13063-020-04454-4 protocol (added 10/06/2020),01/04/2020,29/12/2020,10/06/2020,Completed,No longer recruiting,Nil known,Nil known
218,ISRCTN44324934,,,23/03/2020,31/12/2021,16/03/2021,Completed,No longer recruiting,Nil known,Nil known
219,ISRCTN11188345,,2020 Protocol article in https://pubmed.ncbi.nlm.nih.gov/32641154/ protocol (added 10/07/2020),01/05/2020,01/10/2021,07/09/2021,Completed,No longer recruiting,2020-001354-22,NCT04390464
220,ISRCTN40580903,,2021 Preprint results in https://doi.org/10.1101/2021.02.10.21251478 non-peer-reviewed protocol in preprint (added 23/03/2021) 2021 Preprint results in https://doi.org/10.1101/2021.06.02.21258204 non-peer-reviewed results in preprint (added 11/06/2021) 2021 Results article in https://pubmed.ncbi.nlm.nih.gov/34922649/ (added 20/12/2021),26/03/2020,01/05/2021,20/12/2021,Completed,No longer recruiting,2020-001684-85,Nil known
221,ISRCTN88057279,,,03/04/2020,03/05/2025,25/03/2021,Ongoing,Recruiting,2020-002016-48,NCT04389359
222,ISRCTN85216856,,,11/03/2020,31/12/2020,08/05/2020,Completed,No longer recruiting,Nil known,Nil known
223,ISRCTN90906759,,2021 Results article in https://pubmed.ncbi.nlm.nih.gov/33220855/ results (added 19/11/2020) 2021 Interim results article in https://doi.org/10.1016/S0140-6736(20)32661-1 interim results (added 09/12/2020) 2021 Results article in https://pubmed.ncbi.nlm.nih.gov/33617777/ results (added 23/02/2021) 2021 Interim results article in https://pubmed.ncbi.nlm.nih.gov/34480858/ Reactogenicity and immunogenicity after a late second dose or a third dose of ChAdOx1 nCoV-19 in the UK (added 06/09/2021),02/03/2020,31/03/2023,14/03/2022,Ongoing,No longer recruiting,2020-001228-32,NCT04400838
224,ISRCTN87832712,,,09/04/2020,01/10/2020,05/05/2020,Completed,No longer recruiting,Nil known,Nil known
225,ISRCTN20867558,,,21/01/2020,31/12/2021,10/08/2020,Completed,No longer recruiting,Nil known,Nil known
226,ISRCTN97041334,,Other publications in https://www.covidsocialstudy.org/results link to live results data at (added 24/03/2021),23/03/2020,23/03/2022,25/03/2021,Completed,No longer recruiting,Nil known,Nil known
227,ISRCTN44152751,,,18/03/2020,30/09/2020,07/09/2020,Completed,Suspended,Nil known,Nil known
228,ISRCTN28342533,,2020 Results article in https://pubmed.ncbi.nlm.nih.gov/33273040/ post-exertion oxygen saturation sub-study results (added 07/12/2020) 2020 Results article in https://pubmed.ncbi.nlm.nih.gov/33237907/ results (added 15/01/2021) 2021 Preprint results in https://doi.org/10.1101/2021.01.23.21249978 non-peer-reviewed analysis of DNAR status in preprint (added 19/03/2021) 2021 Results article in https://pubmed.ncbi.nlm.nih.gov/33481930/ triage tool development results (added 19/03/2021) 2021 Results article in https://pubmed.ncbi.nlm.nih.gov/33961960/ secondary analysis results (added 10/05/2021) 2021 Results article in https://pubmed.ncbi.nlm.nih.gov/34083427/ (added 07/06/2021) 2021 Preprint results in https://doi.org/10.1101/2021.07.27.21261031 Prognostic accuracy study results (added 30/07/2021) 2021 Preprint results in https://doi.org/10.1101/2021.10.12.21264136 Observational cohort study results (added 21/10/2021) 2021 Preprint results in https://doi.org/10.1101/2021.06.24.21259441 Accuracy of telephone triage (added 03/12/2021) 2021 Preprint results in https://doi.org/10.1101/2020.09.01.20185793 Prognostic accuracy results for children (added 03/12/2021),01/10/2012,31/10/2021,03/12/2021,Completed,No longer recruiting,Nil known,Nil known
229,ISRCTN68026880,,2021 Protocol article in https://pubmed.ncbi.nlm.nih.gov/33514576/ protocol (added 01/02/2021),01/01/2020,30/09/2021,01/02/2021,Completed,No longer recruiting,Nil known,Nil known
230,ISRCTN13311119,,,17/04/2020,26/06/2020,19/03/2021,Completed,No longer recruiting,Nil known,Nil known
231,ISRCTN17898730,,2020 Results article in https://pubmed.ncbi.nlm.nih.gov/33240180/ results (added 27/11/2020),21/03/2020,20/12/2020,27/11/2020,Completed,No longer recruiting,Nil known,Nil known
232,ISRCTN10666798,,2020 Protocol article in https://pubmed.ncbi.nlm.nih.gov/32788191/ protocol (added 17/08/2020) 2021 Results article in https://pubmed.ncbi.nlm.nih.gov/33832926/ (added 12/04/2021) 2021 Results article in https://pubmed.ncbi.nlm.nih.gov/34244282/ (added 12/07/2021),12/03/2020,01/10/2020,12/07/2021,Completed,No longer recruiting,Nil known,Nil known
233,ISRCTN18348009,,,01/04/2020,22/04/2020,15/04/2020,Completed,No longer recruiting,Nil known,Nil known
234,ISRCTN51255782,,,20/03/2020,31/12/2021,14/04/2020,Completed,No longer recruiting,Nil known,Nil known
235,ISRCTN14326006,,2020 Protocol article in https://pubmed.ncbi.nlm.nih.gov/32665039/ structured summary of protocol (added 17/07/2020),29/03/2020,07/10/2020,28/07/2021,Completed,No longer recruiting,Nil known,Nil known
236,ISRCTN80453162,,2021 Abstract results in https://doi.org/10.1093/bjsopen/zrab033.004 Presented at National Research Collaborative Meeting Conference 2020 (added 06/12/2021) 2020 Protocol article in https://pubmed.ncbi.nlm.nih.gov/33378387/ (added 06/12/2021) 2021 Results article in https://pubmed.ncbi.nlm.nih.gov/33378307/ (added 06/12/2021) 2020 Results article in https://pubmed.ncbi.nlm.nih.gov/33405234/ (added 06/12/2021) 2021 Results article in https://pubmed.ncbi.nlm.nih.gov/34860123/ Qualitative results of clinician survey (added 06/12/2021),23/03/2020,01/04/2022,10/03/2022,Completed,No longer recruiting,Nil known,Nil known
237,ISRCTN43900695,,2020 Protocol article in https://pubmed.ncbi.nlm.nih.gov/32771068/ protocol (added 13/08/2020) 2021 Protocol article in https://pubmed.ncbi.nlm.nih.gov/34895327/ (added 14/12/2021),25/03/2020,06/04/2022,22/12/2021,Ongoing,No longer recruiting,Nil known,Nil known
238,ISRCTN77353041,,,20/03/2020,31/12/2020,26/05/2020,Completed,Suspended,Nil known,Nil known
239,ISRCTN10077335,,2020 Preprint results in https://doi.org/10.1101/2020.09.11.20192526 non-peer-reviewed results in preprint (added 16/03/2021),11/03/2020,30/04/2020,16/03/2021,Completed,No longer recruiting,Nil known,Nil known
240,ISRCTN15281137,,2020 Results article in https://pubmed.ncbi.nlm.nih.gov/32702298/ preliminary results (added 20/07/2020) 2021 Interim results article in https://doi.org/10.1016/S0140-6736(20)32661-1 interim results (added 09/12/2020) 2021 Results article in https://pubmed.ncbi.nlm.nih.gov/33617777/ results (added 23/02/2021) 2021 Interim results article in https://pubmed.ncbi.nlm.nih.gov/34480858/ Reactogenicity and immunogenicity after a late second dose or a third dose of ChAdOx1 nCoV-19 in the UK (added 06/09/2021),02/03/2020,31/03/2023,24/01/2022,Ongoing,No longer recruiting,2020-001072-15,NCT04324606
241,ISRCTN16912075,,2020 Protocol article in https://pubmed.ncbi.nlm.nih.gov/32727624/ protocol (added 03/08/2020) 2021 Preprint results in https://doi.org/10.1101/2021.08.02.21261379 (added 31/08/2021) 2022 Results article in https://pubmed.ncbi.nlm.nih.gov/35072713/ (added 25/01/2022),30/03/2020,02/06/2021,25/01/2022,Completed,No longer recruiting,Nil known,Nil known
242,ISRCTN50189673,,2021 Results article in https://pubmed.ncbi.nlm.nih.gov/32678530/ Dexamethasone results (added 20/07/2020) 2020 Results article in https://doi.org/10.1016/S0140-6736(20)32013-4 Lopinavir–ritonavir results (added 06/10/2020) 2020 Results article in https://pubmed.ncbi.nlm.nih.gov/33031652/ Hydroxychloroquine results (added 09/11/2020) 2021 Results article in https://pubmed.ncbi.nlm.nih.gov/33545096/ Azithromycin results (added 03/02/2021) 2021 Preprint results in https://doi.org/10.1101/2021.02.11.21249258 Tocilizumab results (added 12/02/2021) 2021 Preprint results in https://doi.org/10.1101/2021.03.09.21252736 Non-peer-reviewed convalescent plasma results (added 18/03/2021) 2021 Preprint results in https://doi.org/10.1101/2021.06.15.21258542 Non-peer-reviewed results for REGEN-COV (casirivimab and imdevimab) (added 23/07/2021) 2021 Preprint results in https://doi.org/10.1101/2021.06.08.21258132 Non-peer-reviewed results for aspirin (added 23/07/2021) 2021 Results article in https://pubmed.ncbi.nlm.nih.gov/34000257/ Convalescent plasma results (added 23/07/2021) 2021 Results article in https://pubmed.ncbi.nlm.nih.gov/33933206/ Tocilizumab results (added 23/07/2021) 2021 Preprint results in https://www.medrxiv.org/content/10.1101/2021.05.18.21257267v1 Non-peer-reviewed results for colchicine (added 21/10/2021) 2021 Results article in https://doi.org/10.1016/S2213-2600(21)00435-5 Colchicine results (added 21/10/2021) 2021 Results article in https://pubmed.ncbi.nlm.nih.gov/34800427/ Aspirin results (added 24/11/2021) 2022 Results article in https://pubmed.ncbi.nlm.nih.gov/35151397/ Casirivimab and imdevimab results (added 14/02/2022) 2022 Preprint results in https://doi.org/10.1101/2022.03.02.22271623 Baricitinib results (added 28/03/2022),09/03/2020,30/11/2032,28/03/2022,Ongoing,Recruiting,2020-001113-21,NCT04381936
243,ISRCTN40092247,,"2020 Results article in https://doi.org/10.1136/bmj.m2107 results (added 10/06/2020) 2021 Preprint results in https://doi.org/10.1101/2021.07.22.21261000 Impact of SARS-CoV-2 variant (added 31/08/2021) 2022 Interim results article in http://dx.doi.org/10.1136/bmjmed-2021-000053 comparison between outcomes collected in the periods in which wildtype, alpha variant, and delta variant of SARS-CoV-2 were dominant in the UK (added 09/03/2022) 2021 Interim results article in https://pubmed.ncbi.nlm.nih.gov/33951100/ population level data on risk factors, incidence and impact of SARS-CoV-2 infection in pregnant women (added 09/03/2022) 2022 Interim results article in https://pubmed.ncbi.nlm.nih.gov/35213734/ secondary analysis of data (added 09/03/2022)",24/01/2020,31/03/2023,09/03/2022,Ongoing,No longer recruiting,Nil known,Nil known
244,ISRCTN13694948,,2020 Protocol article in https://pubmed.ncbi.nlm.nih.gov/32737101/ protocol (added 04/08/2020),15/03/2020,01/05/2021,05/01/2021,Completed,No longer recruiting,Nil known,Nil known
245,ISRCTN83971151,,"2020 Interim results article in https://doi.org/10.1101/2020.10.15.20209817 interim results in preprint (added 19/10/2020) 2021 Results article in https://pubmed.ncbi.nlm.nih.gov/33264556/ interim results for remdesivir, hydroxychloroquine, lopinavir and interferon (added 25/03/2021)",01/03/2020,25/03/2021,25/03/2021,Completed,No longer recruiting,Nil known,Nil known
246,ISRCTN86534580,,2021 Results article in https://pubmed.ncbi.nlm.nih.gov/33676597/ Azithromycin results (added 08/03/2021) 2021 Protocol article in https://pubmed.ncbi.nlm.nih.gov/34145016/ (added 21/06/2021) 2021 Results article in https://pubmed.ncbi.nlm.nih.gov/34329624/ Doxycycline results (added 02/08/2021) 2021 Results article in https://pubmed.ncbi.nlm.nih.gov/34388395/ budesonide results (added 16/08/2021) 2022 Other publications in https://pubmed.ncbi.nlm.nih.gov/35057841/ (added 24/01/2022),12/03/2020,24/09/2022,27/01/2022,Ongoing,Recruiting,2020-001209-22,Nil known
247,ISRCTN14966673,,2020 Results article in https://pubmed.ncbi.nlm.nih.gov/33038974/ results (added 13/10/2020) 2021 Results article in https://pubmed.ncbi.nlm.nih.gov/34363885/ SARS-CoV-2 Viral load at presentation to hospital is independently associated with the risk of death (added 09/08/2021),07/02/2020,01/04/2021,09/08/2021,Completed,No longer recruiting,Nil known,Nil known
248,ISRCTN14966097,,2022 Results article in https://pubmed.ncbi.nlm.nih.gov/34995345/ (added 10/01/2022),01/03/2020,01/04/2021,10/01/2022,Completed,No longer recruiting,Nil known,Nil known
249,ISRCTN47591507,,,01/02/2018,28/02/2021,01/03/2021,Completed,Suspended,Nil known,Nil known
250,ISRCTN53431343,,,01/03/2019,30/11/2020,18/02/2021,Completed,No longer recruiting,Nil known,Nil known
251,ISRCTN37530113,,2020 Protocol article in https://pubmed.ncbi.nlm.nih.gov/33203621/ protocol (added 19/11/2020) 2021 Results article in https://pubmed.ncbi.nlm.nih.gov/34481523/ (added 09/09/2021),01/10/2015,31/12/2021,09/09/2021,Completed,No longer recruiting,Nil known,Nil known
252,ISRCTN10974028,,,11/07/2019,01/06/2022,29/10/2021,Ongoing,No longer recruiting,Nil known,Nil known
253,ISRCTN15644757,,2020 Protocol article in https://www.ncbi.nlm.nih.gov/pubmed/32066404 protocol (added 24/02/2020),01/01/2019,31/12/2022,06/10/2021,Ongoing,Recruiting,Nil known,Nil known
254,ISRCTN51287266,,,06/07/2019,05/08/2022,12/03/2021,Ongoing,No longer recruiting,Nil known,Nil known
255,ISRCTN16483855,,,01/10/2018,30/04/2022,21/04/2021,Ongoing,No longer recruiting,Nil known,Nil known
256,ISRCTN18274006,,,01/07/2018,30/12/2023,22/12/2021,Ongoing,Recruiting,Nil known,Nil known
257,ISRCTN55218215,,2021 Protocol article in https://doi.org/10.1186/s13063-021-05480-6 (added 19/08/2021),01/02/2018,30/11/2022,19/08/2021,Ongoing,No longer recruiting,Nil known,Nil known
258,ISRCTN12455871,,2022 Results article in https://pubmed.ncbi.nlm.nih.gov/35121633/ (added 07/02/2022),01/08/2018,02/05/2022,07/02/2022,Ongoing,No longer recruiting,,
259,ISRCTN14884587,,,24/09/2014,20/06/2016,27/08/2019,Completed,No longer recruiting,Nil known,Nil known
260,ISRCTN87329095,,,01/03/2019,31/07/2022,23/02/2021,Ongoing,No longer recruiting,2019-002479-33,Nil known
261,ISRCTN55201674,,,06/08/2018,31/12/2022,11/05/2021,Ongoing,Recruiting,,
262,ISRCTN16473881,,2021 Results article in https://pubmed.ncbi.nlm.nih.gov/33452217/ results (added 18/01/2021),01/12/2017,31/10/2019,18/01/2021,Completed,No longer recruiting,,
263,ISRCTN75313566,,2020 Protocol article in https://journals.sagepub.com/doi/full/10.1177/2397198320957552 protocol (added 09/11/2020),01/04/2016,27/05/2021,28/07/2021,Completed,No longer recruiting,2016-002651-25,NCT03708718
264,ISRCTN38642364,,2018 Results article in https://www.ncbi.nlm.nih.gov/pubmed/30228886 results,29/06/2014,08/12/2016,27/09/2018,Completed,No longer recruiting,,
265,ISRCTN11028739,Basic results see attached file ISRCTN11028739_BasicResults_15Oct18.pdf (added 15/10/2018),2019 Results article in https://www.ncbi.nlm.nih.gov/pubmed/30425114 results,01/02/2017,30/06/2017,11/12/2018,Completed,No longer recruiting,,
266,ISRCTN13646289,,,19/10/2012,22/08/2014,15/12/2016,Completed,No longer recruiting,,
267,ISRCTN15554338,,2015 Results article in http://www.ncbi.nlm.nih.gov/pubmed/26141306 results,01/08/2006,31/10/2008,15/03/2016,Completed,No longer recruiting,,
268,ISRCTN18948812,,,01/05/2014,01/12/2014,13/04/2015,Stopped,Stopped,,
269,ISRCTN72343080,,2018 Results article in https://pubmed.ncbi.nlm.nih.gov/29669856/ results (added 17/08/2020),14/06/2011,01/12/2016,17/08/2020,Completed,No longer recruiting,,
