referenceid	timestamp_started	timestamp_finished	db_id	trialid	source_register	title	web_address	trns	completion_month	is_german_covidevidence	is_german_in_germany	is_german_drks	is_german_euctr	is_searched_cutoff_2	is_searched_cutoff_3	abstract	soc	flag_review	comments
9	2022-05-25 11:42:09	2022-05-25 11:43:31	tri00065	ChiCTR2000029636	ChiCTR	Efficacy and safety of aerosol inhalation of vMIP in the treatment of novel coronavirus pneumonia (COVID-19): a single arm clinical trial	http://www.chictr.org.cn/showprojen.aspx?proj=49215	ChiCTR2000029636	2020-07-01	FALSE	FALSE	FALSE	FALSE	TRUE	TRUE		NULL		NULL
10	2022-05-25 11:43:53	2022-05-25 11:44:30	tri00074	ChiCTR2000029602	ChiCTR	Clinical study for community based prevention and control strategy of novel coronavirus pneumonia (COVID-19) in the isolate suspected and confirmed population	http://www.chictr.org.cn/showprojen.aspx?proj=48985	ChiCTR2000029602	2020-08-01	FALSE	FALSE	FALSE	FALSE	TRUE	TRUE		NULL		NULL
11	2022-05-25 11:44:33	2022-05-25 11:44:56	tri00075	ChiCTR2000029601	ChiCTR	Community based prevention and control for Chinese medicine in the treatment of novel coronavirus pneumonia (COVID-19) in the isolate suspected and confirmed population	http://www.chictr.org.cn/showprojen.aspx?proj=48988	ChiCTR2000029601	2020-08-01	FALSE	FALSE	FALSE	FALSE	TRUE	TRUE		NULL		NULL
28	2022-05-25 11:45:02	2022-05-25 11:45:33	tri00142	ChiCTR2000030041	ChiCTR	A single-arm, single-center clinical trial for Azivudine tablets in the treatment of adult novel coronavirus pneumonia (COVID-19)	http://www.chictr.org.cn/showprojen.aspx?proj=49891	ChiCTR2000030041	2020-06-01	FALSE	FALSE	FALSE	FALSE	TRUE	TRUE		NULL		NULL
40	2022-05-25 11:45:37	2022-05-25 11:46:14	tri00241	ChiCTR2000030219	ChiCTR	Study for evaluation of integrated traditional Chinese and Western Medicine in the treatment of Novel Coronavirus Pneumonia (COVID-19)	http://www.chictr.org.cn/showprojen.aspx?proj=50110		2020-12-01	FALSE	FALSE	FALSE	FALSE	TRUE	TRUE		NULL		NULL
92	2022-05-25 11:46:23	2022-05-25 11:46:48	tri02773	IRCT20200314046774N1	IRCT	treatment of COVID-19 whit vitamin A	http://en.irct.ir/trial/46519	IRCT20200314046774N1	2020-06-01	FALSE	FALSE	FALSE	FALSE	TRUE	TRUE		NULL		NULL
100	2022-05-25 11:46:51	2022-05-25 11:47:51	tri00884	JPRN-JapicCTI-205238	JPRN	Phase 3 Clinical Study of Favipiravir in Patients with COVID-19 Non-Severe Pneumonia	https://www.clinicaltrials.jp/user/showCteDetailE.jsp?japicId=JapicCTI-205238	JPRN-JapicCTI-205238	2020-10-01	FALSE	FALSE	FALSE	FALSE	TRUE	TRUE		NULL		Taking title as face value about placebo control
101	2022-05-25 11:48:21	2022-05-25 11:50:10	tri01658	IRCT20200409047007N1	IRCT	Effect of COVID 19 survivors plasma in COVID 19 patients with ARDS	http://en.irct.ir/trial/47058	IRCT20200409047007N1	2020-06-01	FALSE	FALSE	FALSE	FALSE	TRUE	TRUE				Not exact about standard of care. Can receive therapies such as antibiotics, corticosteroids and HCQ. Call undefined.
102	2022-05-25 11:50:15	2022-07-29 05:37:34	tri04042	ACTRN12620000817943	ANZCTR	A Phase 1/2 randomized, placebo-controlled, multi-centre study to evaluate the safety and immunogenicity of COVID-19 Vaccine in Healthy Adults	https://anzctr.org.au/ACTRN12620000817943.aspx	ACTRN12620000817943	2020-11-01	FALSE	FALSE	FALSE	FALSE	TRUE	TRUE		NULL		Trial has 2 parts with different combinations and doses of vaccine and placebo. Simplifying to 2 different vaccine dose arms (for the 2 different amounts of shots) and a placebo arm (this is basically what Phase 1 looked like) as we can't really easily differentiate shot + shot vs. shot + placebo (both at different doses) vs. just placebo well in our schema.
103	2022-05-25 11:51:59	2022-05-25 11:54:00	tri00820	ChiCTR2000031955	ChiCTR	Study for prevention of novel coronavirus pneumonia (COVID-19) in high risk population by Chinese medicine	http://www.chictr.org.cn/showprojen.aspx?proj=52364	ChiCTR2000031955	2020-12-01	FALSE	FALSE	FALSE	FALSE	TRUE	TRUE		NULL		Unclear from registration whether spray is also a traditional medicine.
108	2022-05-25 11:54:08	2022-05-25 11:54:31	tri04220	ISRCTN16842454	ISRCTN	Effectiveness and safety of plasma convalescent therapy in patients with COVID-19	http://www.isrctn.com/ISRCTN16842454	ISRCTN16842454	2020-12-01	FALSE	FALSE	FALSE	FALSE	TRUE	TRUE		NULL		historic controls
110	2022-05-25 11:54:35	2022-05-25 11:55:04	tri04396	IRCT20150825023753N17	IRCT	Evaluation of the effect of ghamz with needle on improvement of respiratory symptoms of COVID-19 patients admitted to hospital	http://en.irct.ir/trial/51709	IRCT20150825023753N17	2020-07-01	FALSE	FALSE	FALSE	FALSE	TRUE	TRUE		NULL		ghamz with needle
171	2022-05-25 11:55:42	2022-05-25 11:57:47	tri00953	NCT04344756	ClinicalTrials.gov	Trial Evaluating Efficacy and Safety of Anticoagulation in Patients With COVID-19 Infection, Nested in the Corimmuno-19 Cohort	https://clinicaltrials.gov/show/NCT04344756	NCT04344756; EUCTR2020-001246-18	2020-07-01	FALSE	FALSE	FALSE	FALSE	TRUE	TRUE		Anticoagulants (Unspecified)		They list a number of anticoagulants people could get preventatively in the control arm so we've grouped them into the general anticoagulants category.
194	2022-05-25 11:57:56	2022-05-25 11:59:37	tri02335	NCT04354428	ClinicalTrials.gov	Treatment for COVID-19 in High-Risk Adult Outpatients	https://clinicaltrials.gov/show/NCT04354428	NCT04354428	2020-12-01	FALSE	FALSE	FALSE	FALSE	TRUE	TRUE		NULL		Combined the placebo arms into 1 placebo arm for our purposes.
203	2022-05-25 11:59:44	2022-05-25 12:00:17	tri01154	NCT04357782	ClinicalTrials.gov	Administration of Intravenous Vitamin C in Novel Coronavirus Infection (COVID-19) and Decreased Oxygenation	https://clinicaltrials.gov/show/NCT04357782	NCT04357782	2020-10-01	FALSE	FALSE	FALSE	FALSE	TRUE	TRUE		NULL		Both arms get vitamin C so collapsed into single unique arm.
212	2022-05-25 12:00:21	2022-05-25 12:01:56	tri01197	NCT04361435	ClinicalTrials.gov	Lung Recruitment Device for COVID-19	https://clinicaltrials.gov/show/NCT04361435	NCT04361435	2020-07-01	FALSE	FALSE	FALSE	FALSE	TRUE	TRUE		NULL		Interventions are the same in both arms, just the order of the 2 procedures is different. Making 2 different arms to reflect this as I think it's basically analogous to different dosing.
216	2022-05-25 12:02:02	2022-05-25 12:02:18	tri01330	NCT04366856	ClinicalTrials.gov	PROne Positioning in coVID-19 Oxygeno-dependent Patients in Spontaneous Ventilation (PROVID Study)	https://clinicaltrials.gov/show/NCT04366856	NCT04366856	2020-12-01	FALSE	FALSE	FALSE	FALSE	TRUE	TRUE		NULL		NULL
226	2022-05-25 12:02:21	2022-05-25 12:03:13	tri01564	NCT04377997	ClinicalTrials.gov	Safety and Efficacy of Therapeutic Anticoagulation on Clinical Outcomes in Hospitalized Patients With COVID-19	https://clinicaltrials.gov/show/NCT04377997	NCT04377997	2021-01-01	FALSE	FALSE	FALSE	FALSE	TRUE	TRUE		Anticoagulants (Unspecified)		The registration is unclear about what the &quot;standard of care&quot; anticoagulation group means so chose generic anticoagulation.
230	2022-05-25 12:03:23	2022-05-25 12:04:06	tri01846	NCT04381871	ClinicalTrials.gov	Potential Role of Gum Arabic as Immunomodulatory Agent Among COVID 19 Patients	https://clinicaltrials.gov/show/NCT04381871		2020-08-01	FALSE	FALSE	FALSE	FALSE	TRUE	TRUE				NULL
231	2022-05-25 12:06:19	2022-05-25 12:06:38	tri01848	NCT04382131	ClinicalTrials.gov	Hypertonic Saline Nasal Irrigation and Gargling in Suspected or Confirmed COVID-19 (ELVIS COVID-19)	https://clinicaltrials.gov/show/NCT04382131	NCT04382131	2020-10-01	FALSE	FALSE	FALSE	FALSE	TRUE	TRUE		NULL		NULL
233	2022-05-25 12:06:42	2022-05-25 12:07:46	tri03071	NCT04382768	ClinicalTrials.gov	Inhaled Ibuprofen to Treat COVID-19	https://clinicaltrials.gov/show/NCT04382768		2021-01-01	FALSE	FALSE	FALSE	FALSE	TRUE	TRUE				NULL
244	2022-05-25 12:07:51	2022-05-25 12:08:26	tri02056	NCT04390061	ClinicalTrials.gov	TOFAcitinib Plus Hydroxycloroquine vs Hydroxycloroquine in Patients With COVID-19 Interstitial Pneumonia	https://clinicaltrials.gov/show/NCT04390061	NCT04390061; EUCTR2020-002035-30	2020-09-01	FALSE	FALSE	FALSE	FALSE	TRUE	TRUE		Hydroxychloroquine		NULL
245	2022-05-25 12:08:30	2022-05-25 12:08:52	tri02060	NCT04390412	ClinicalTrials.gov	Low Dose Radiotherapy in COVID-19 Pneumonia	https://clinicaltrials.gov/show/NCT04390412	NCT04390412; IRCT20200509047366N1	2020-08-01	FALSE	FALSE	FALSE	FALSE	TRUE	TRUE		NULL		All the patients will also receive the standard national protocol of COVID-19 management.
252	2022-05-25 12:08:57	2022-05-25 12:11:03	tri02268	NCT04393415	ClinicalTrials.gov	Using PRP and Cord Blood in Treatment of Covid -19	https://clinicaltrials.gov/show/NCT04393415		2020-08-01	FALSE	FALSE	FALSE	FALSE	TRUE	TRUE		NULL		Assuming here LGF is some shorthand for stem cells.
267	2022-05-25 12:11:27	2022-05-25 12:11:45	tri02532	NCT04410510	ClinicalTrials.gov	P2Et Extract in the Symptomatic Treatment of Subjects With COVID-19	https://clinicaltrials.gov/show/NCT04410510	NCT04410510	2020-12-01	FALSE	FALSE	FALSE	FALSE	TRUE	TRUE		Hydroxychloroquine;Lopinavir;Ritonavir		NULL
270	2022-05-25 12:11:50	2022-05-25 12:12:59	tri02997	NCT04420260	ClinicalTrials.gov	Primary Prevention of Infection by COVID-19 in Health Providers	https://clinicaltrials.gov/show/NCT04420260	NCT04420260	2020-09-01	FALSE	FALSE	FALSE	FALSE	TRUE	TRUE		NULL		Calling multiple categories as spray sounds like a drug and a food emulsion like a dietary supplement.
271	2022-05-25 12:13:02	2022-05-25 12:15:11	tri03008	NCT04421391	ClinicalTrials.gov	QuadraMune(TM) for Prevention of COVID-19	https://clinicaltrials.gov/show/NCT04421391	NCT04421391	2020-11-01	FALSE	FALSE	FALSE	FALSE	TRUE	TRUE		NULL	NULL	The natural ingredients of QuadraMune are Pterostilbene, Epigallocatechin gallate (EGCG), Sulforaphane, and Thymoquinone.
281	2022-05-25 12:15:36	2022-05-25 12:16:00	tri03488	NCT04432987	ClinicalTrials.gov	Dornase Alpha for the Treatment of COVID-19	https://clinicaltrials.gov/show/NCT04432987		2020-08-01	FALSE	FALSE	FALSE	FALSE	TRUE	TRUE		NULL		Looks like they gave dornase alpha to 2 populations and then had controls for both. Control is unspecfied. Collapsing into 1 DA arm and 1 control arm.
284	2022-05-25 12:16:03	2022-05-25 12:16:23	tri03525	NCT04436471	ClinicalTrials.gov	An Open Study of the Safety, Tolerability and Immunogenicity of the Drug 'Gam-COVID-Vac' Vaccine Against COVID-19	https://clinicaltrials.gov/show/NCT04436471	NCT04436471	2020-08-01	FALSE	FALSE	FALSE	FALSE	TRUE	TRUE		NULL		Three arms each with a different version or combination of the vaccine.
287	2022-05-25 12:16:27	2022-05-25 12:16:48	tri03558	NCT04441424	ClinicalTrials.gov	Convalescent Plasma Therapy on Critically-ill Novel Coronavirus (COVID-19) Patients	https://clinicaltrials.gov/show/NCT04441424	NCT04441424	2020-06-01	FALSE	FALSE	FALSE	FALSE	TRUE	TRUE		Azithromycin;Hydroxychloroquine		NULL
294	2022-05-25 12:16:53	2022-05-25 12:17:09	tri05473	NCT04452773	ClinicalTrials.gov	Clinical Trial to Evaluate the Efficacy of Food Supplement ManremycÂ® Against SARS- COV-2 Infection (COVID-19) in Healthcare Workers	https://clinicaltrials.gov/show/NCT04452773	NCT04452773	2020-09-01	FALSE	FALSE	FALSE	FALSE	TRUE	TRUE		NULL		NULL
314	2022-05-25 12:17:14	2022-05-25 12:19:10	tri05983	NCT04508439	ClinicalTrials.gov	Effect of the Use of Anticoagulant Therapy During Hospitalization and Discharge in Patients With COVID-19 Infection	https://clinicaltrials.gov/show/NCT04508439	NCT04508439	2020-08-01	FALSE	FALSE	FALSE	FALSE	TRUE	TRUE		Enoxaparin		Based on other similar trials, preventative antocoag becomes a defined SoC as a control while active or therapeutic is the experimental.
318	2022-05-25 12:19:17	2022-05-25 12:19:57	tri06088	NCT04521400	ClinicalTrials.gov	the Investigation Into Beneficial Effects of High-dose Interferon Beta 1-a, Compared to Low-dose Interferon Beta 1-a in Moderate to Severe Covid-19	https://clinicaltrials.gov/show/NCT04521400	NCT04521400	2020-09-01	FALSE	FALSE	FALSE	FALSE	TRUE	TRUE		Lopinavir;Ritonavir		NULL
320	2022-05-25 12:20:03	2022-05-25 12:20:38	tri06130	NCT04527133	ClinicalTrials.gov	An Open Non-comparative Study of the Efficacy and Safety of Aprotinin in Patients Hospitalized With COVID-19	https://clinicaltrials.gov/show/NCT04527133	NCT04527133	2020-08-01	FALSE	FALSE	FALSE	FALSE	TRUE	TRUE				Study in 2 phases, using 2nd phase for extraction.
329	2022-05-25 12:20:44	2022-05-25 12:21:06	tri06378	NCT04559035	ClinicalTrials.gov	Nasal Irrigation to Reduce COVID-19 Morbidity	https://clinicaltrials.gov/show/NCT04559035	NCT04559035	2020-12-01	FALSE	FALSE	FALSE	FALSE	TRUE	TRUE		NULL		NULL
341	2022-05-25 12:21:11	2022-05-25 12:21:35	tri06851	NCT04632602	ClinicalTrials.gov	Awake Prone Position to Reduce Ventilation Inhomogeneity in COVID-19 Acute Respiratory Failure	https://clinicaltrials.gov/show/NCT04632602	NCT04632602	2020-12-01	FALSE	FALSE	FALSE	FALSE	TRUE	TRUE		NULL		The control is just other ways of positioning.
348	2022-05-25 12:21:40	2022-05-25 12:22:00	tri01300	NCT04359797	ClinicalTrials.gov	COVID-19 Patient Positioning Pragmatic Trial	https://clinicaltrials.gov/show/NCT04359797	NCT04359797	2020-12-01	FALSE	FALSE	FALSE	FALSE	TRUE	TRUE		NULL		NULL
356	2022-05-25 12:22:09	2022-05-25 12:22:26	tri07210	NCT04666116	ClinicalTrials.gov	Changes in Viral Load in COVID-19 After Probiotics	https://clinicaltrials.gov/show/NCT04666116	NCT04666116	2020-12-01	FALSE	FALSE	FALSE	FALSE	TRUE	TRUE		NULL		NULL
360	2022-05-25 12:22:30	2022-05-25 12:27:07	tri03299	NCT04341688	ClinicalTrials.gov	A Clinical Trial of Gargling Agents in Reducing Intraoral Viral Load Among COVID-19 Patients	https://clinicaltrials.gov/show/NCT04341688	NCT04341688	2021-06-01	FALSE	FALSE	FALSE	FALSE	TRUE	TRUE		NULL		NULL
363	2022-05-25 12:27:17	2022-05-25 12:27:34	tri06718	NCT04610567	ClinicalTrials.gov	Treatment of Patients With Mild Coronavirus-19 (COVID-19) Disease With Methotrexate Associated to LDL Like Nanoparticles (Nano-COVID19)	https://clinicaltrials.gov/show/NCT04610567	NCT04610567	2021-03-01	FALSE	FALSE	FALSE	FALSE	TRUE	TRUE		NULL		Extracted for Phase 2 part of trial.
367	2022-05-25 12:27:39	2022-05-25 12:28:26	tri01766	CTRI/2020/05/024981	CTRI	Clinical study on Dabur Chyawanprash as a preventive remedy in pandemic of Covid-19.	http://www.ctri.nic.in/Clinicaltrials/pmaindet2.php?trialid=43374	CTRI/2020/05/024981	2020-10-01	FALSE	FALSE	FALSE	FALSE	TRUE	TRUE		NULL		Milk considered placebo here.
369	2022-05-25 12:28:30	2022-05-25 12:28:54	tri04511	CTRI/2020/05/025215	CTRI	Effectiveness of Siddha medicine, Kabasura kudineer and vitamin c-zinc supplementation in the management of Mild COVID 19 patients.	http://www.ctri.nic.in/Clinicaltrials/pmaindet2.php?trialid=43769	CTRI/2020/05/025215	2020-06-01	FALSE	FALSE	FALSE	FALSE	TRUE	TRUE		Vitamin C;Zinc		NULL
398	2022-05-25 12:29:03	2022-05-25 12:29:15	tri04958	CTRI/2020/08/027477	CTRI	Evaluation of safety and efficacy of T-AYU-HM Premium and Onion steam vaporization/nebulization in Covid-19 patients.	http://www.ctri.nic.in/Clinicaltrials/pmaindet2.php?trialid=46654	CTRI/2020/08/027477	2020-10-01	FALSE	FALSE	FALSE	FALSE	TRUE	TRUE		NULL		NULL
406	2022-05-25 12:29:21	2022-05-25 12:33:51	tri02393	NCT04406389	ClinicalTrials.gov	Anticoagulation in Critically Ill Patients With COVID-19 (The IMPACT Trial)	https://clinicaltrials.gov/show/NCT04406389	NCT04406389	2021-06-01	FALSE	FALSE	FALSE	FALSE	TRUE	TRUE		Anticoagulants (Unspecified)		In each arm the participant could have received one of many anticoagulants so I've listed that as general anticoagulation.
408	2022-05-25 12:33:56	2022-05-25 12:34:19	tri02632	NCT04414124	ClinicalTrials.gov	A Clinical Study to Assess the Natural History of COVID-19 and Effects of KB109 and Supportive Self-care in Outpatients With Mild-to-moderate COVID-19	https://clinicaltrials.gov/show/NCT04414124	NCT04414124	2021-02-01	FALSE	FALSE	FALSE	FALSE	TRUE	TRUE		NULL		What they call self supportive care is not defined.
423	2022-05-25 12:34:25	2022-05-25 12:34:54	tri00952	NCT04344730	ClinicalTrials.gov	Dexamethasone and Oxygen Support Strategies in ICU Patients With Covid-19 Pneumonia	https://clinicaltrials.gov/show/NCT04344730	NCT04344730; EUCTR2020-001457-43	2021-12-01	FALSE	FALSE	FALSE	FALSE	TRUE	FALSE		NULL		The primary analysis is Dex vs. placebo so ignoring the ventilation arms for our purposes. See quote below:\n\nThe main objective is to assess the impact of dexamethasone on overall mortality at day-60 after randomization in patients admitted in ICU for severe COVID-19 infection.
440	2022-05-25 12:35:11	2022-05-25 12:35:29	tri06160	NCT04530409	ClinicalTrials.gov	Timing of Corticosteroids in COVID-19	https://clinicaltrials.gov/show/NCT04530409	NCT04530409	2021-04-01	FALSE	FALSE	FALSE	FALSE	TRUE	TRUE		NULL		While the control also gets a coritcosteroid, they get it late. The intervention being tested is early treatment so not getting the early treatment is like getting no treatment here.
461	2022-05-25 12:35:34	2022-05-25 12:36:11	tri03434	NCT04409262	ClinicalTrials.gov	A Study to Evaluate the Efficacy and Safety of Remdesivir Plus Tocilizumab Compared With Remdesivir Plus Placebo in Hospitalized Participants With Severe COVID-19 Pneumonia	https://clinicaltrials.gov/show/NCT04409262	NCT04409262; EUCTR2020-002275-34	2021-02-01	FALSE	FALSE	FALSE	FALSE	TRUE	TRUE		Remdesivir		NULL
490	2022-05-25 12:36:18	2022-05-25 12:36:35	tri05645	NCT04470258	ClinicalTrials.gov	Elmo Respiratory Support Project - COVID-19	https://clinicaltrials.gov/show/NCT04470258	NCT04470258	2020-08-01	FALSE	FALSE	FALSE	FALSE	TRUE	TRUE		NULL		Looks like this is actually a single arm trial of this ELMO system.
497	2022-05-25 13:45:14	2022-07-29 05:40:50	tri05893	NCT04495933	ClinicalTrials.gov	A Study on the Safety, Tolerability and Immune Response of SARS-CoV-2 Sclamp (COVID-19) Vaccine in Healthy Adults	https://clinicaltrials.gov/show/NCT04495933	NCT04495933; ACTRN12620000674932; ISRCTN51232965	2020-10-01	FALSE	FALSE	FALSE	FALSE	TRUE	TRUE		NULL		Each arm is a different dose.
510	2022-05-25 13:45:47	2022-05-25 13:46:37	tri06236	NCT04537962	ClinicalTrials.gov	Salivary SARS-CoV-2 Load of Covid-19 Patients After Oral Antimicrobial Solutions and Dentifrices	https://clinicaltrials.gov/show/NCT04537962	NCT04537962	2020-12-01	FALSE	FALSE	FALSE	FALSE	TRUE	TRUE		NULL		There were also a toothpaste part of this trial. Collapsed that into 1 arm.
512	2022-05-25 13:46:42	2022-07-25 13:01:29	tri07225	ISRCTN27106947	ISRCTN	A study to assess several different treatments that may be useful for patients with COVID-19	http://www.isrctn.com/ISRCTN27106947	ISRCTN27106947; EUCTR2020-001860-27; NCT04746183	2021-11-01	FALSE	FALSE	FALSE	FALSE	TRUE	TRUE		NULL		Trial is made up of multiple sub-trials. Captured all interventions used as unique arms.
527	2022-05-25 13:47:26	2022-07-20 19:45:16	tri01286	NCT04345848	ClinicalTrials.gov	Preventing COVID-19 Complications With Low- and High-dose Anticoagulation	https://clinicaltrials.gov/show/NCT04345848	NCT04345848	2021-09-01	FALSE	FALSE	FALSE	FALSE	TRUE	TRUE		Enoxaparin		Per other trials like this, prophylactic dose as SoC, high as experimental
537	2022-05-25 13:49:45	2022-05-25 13:50:10	tri02290	NCT04400890	ClinicalTrials.gov	Randomized Proof-of-Concept Trial to Evaluate the Safety and Explore the Effectiveness of Resveratrol, a Plant Polyphenol, for COVID-19	https://clinicaltrials.gov/show/NCT04400890	NCT04400890	2021-03-01	FALSE	FALSE	FALSE	FALSE	TRUE	TRUE		Vitamin D3 (Cholecalciferol)		Vitamin D is listed as placebo, but was coded as standard of care as it was given to the experimental group as well. 
555	2022-05-25 13:50:15	2022-05-25 13:50:37	tri04057	ISRCTN34160010	ISRCTN	A low-intervention study of pre-exposure prophylaxis (PrEP) in healthy volunteers at high risk of coronavirus (SARS-CoV-2) infection.	http://www.isrctn.com/ISRCTN34160010	ISRCTN34160010	2020-09-01	FALSE	FALSE	FALSE	FALSE	TRUE	TRUE		NULL		Historic controls
559	2022-05-25 13:50:42	2022-05-25 13:51:00	tri04439	RPCEC00000330	RPCEC	DALIA Study	https://rpcec.sld.cu/en/trials/RPCEC00000330-En	RPCEC00000330	2020-09-01	FALSE	FALSE	FALSE	FALSE	TRUE	TRUE		NULL		NULL
565	2022-05-25 13:51:04	2022-05-25 13:51:39	tri02948	NCT04351581	ClinicalTrials.gov	Effects of Discontinuing Renin-angiotensin System Inhibitors in Patients With and Without COVID-19	https://clinicaltrials.gov/show/NCT04351581	NCT04351581; EUCTR2020-001544-26	2022-06-01	FALSE	FALSE	FALSE	FALSE	TRUE	FALSE		NULL		This is a study of continuation/discontinuation of ACE/ARBs. It's slightly more complex than this but I'm putting it in as an ACE/ARB arms and a no treatment control arm which is fine for our purposes.
576	2022-05-25 13:51:44	2022-05-25 13:52:14	tri03418	NCT04401579	ClinicalTrials.gov	Adaptive COVID-19 Treatment Trial 2 (ACTT-2)	https://clinicaltrials.gov/ct2/show/NCT04401579	NCT04401579; JPRN-jRCT2031200035; EUCTR2020-001052-18	0000-00-00	FALSE	FALSE	FALSE	FALSE	TRUE			Remdesivir		NULL
581	2022-05-25 13:52:17	2022-05-25 13:52:41	tri00502	ChiCTR2000030946	ChiCTR	Effects of different VTE prevention methods on the prognosis of hospitalized patients with novel coronavirus pneumonia (COVID-19)	http://www.chictr.org.cn/showprojen.aspx?proj=51265	ChiCTR2000030946	2020-04-01	FALSE	FALSE	FALSE	FALSE	TRUE	TRUE		NULL		mechanical preventive anticoagulation seems to mean things like compression. Calling this a procedure.
587	2022-05-25 13:52:44	2022-08-23 15:05:32	tri02344	NCT04368988	ClinicalTrials.gov	Evaluation of the Safety and Immunogenicity of a SARS-CoV-2 rS Nanoparticle Vaccine With/Without Matrix-M Adjuvant	https://clinicaltrials.gov/show/NCT04368988	NCT04368988; EUCTR2020-004123-16	2020-12-01	FALSE	FALSE	FALSE	FALSE	TRUE	TRUE		NULL		Phase 1/2, using Phase 2. 6 different dosing arms and a placebo arm.
605	2022-05-25 14:00:07	2022-05-25 14:00:44	tri06087	NCT04521322	ClinicalTrials.gov	Efficacy of a Nasal Spray Containing Iota-Carrageenan in the Prophylaxis of COVID-19 Disease in Health Personnel Dedicated to Patients Care With COVID-19 Disease	https://clinicaltrials.gov/show/NCT04521322	NCT04521322	2020-10-01	FALSE	FALSE	FALSE	FALSE	TRUE	TRUE		NULL		NULL
610	2022-05-25 14:00:49	2022-07-20 19:48:39	tri06519	NCT04581291	ClinicalTrials.gov	The Effect of Aerobic Exercise on Immune Biomarkers and Symptoms Severity and Progression in Patients With COVID-19: A Pilot Randomized Control Trial	https://clinicaltrials.gov/show/NCT04581291	NCT04581291	2020-06-01	FALSE	FALSE	FALSE	FALSE	TRUE	TRUE		Hydroxychloroquine		NULL
614	2022-05-25 14:01:11	2022-05-25 14:01:48	tri01492	NCT04341441	ClinicalTrials.gov	Will Hydroxychloroquine Impede or Prevent COVID-19	https://clinicaltrials.gov/show/NCT04341441	NCT04341441	2020-12-01	FALSE	FALSE	FALSE	FALSE	TRUE	TRUE		NULL		Other is a Non-Randomized Active Comparator arm of HCWs already on HCQ so not getting it as part of the study.
626	2022-05-25 14:01:53	2022-05-25 14:02:28	tri05845	NCT04490824	ClinicalTrials.gov	Inhalation of KELEA Excellerated Water in Covid-19 Infected Individuals	https://clinicaltrials.gov/show/NCT04490824		2021-03-01	FALSE	FALSE	FALSE	FALSE	TRUE	TRUE		NULL		Not 100% sure what KELEA Excellerated Water is so I've listed it as &quot;Other&quot;. this is technically a cross-over trial (both arms get placebo and intervention in different order) in how it is described so I'm making it a treatment and a placebo arm.
672	2022-05-25 14:02:38	2022-05-25 14:03:57	tri00269	NCT04286503	ClinicalTrials.gov	The Clinical Study of Carrimycin on Treatment Patients With COVID-19	https://clinicaltrials.gov/show/NCT04286503	NCT04286503	2021-02-01	FALSE	FALSE	FALSE	FALSE	FALSE	TRUE		Chloroquine;Lopinavir;Ritonavir;Umifenovir (Arbidol)		NULL
674	2022-05-25 14:04:02	2022-05-25 14:04:32	tri03289	NCT04328285	ClinicalTrials.gov	Chemoprophylaxis of SARS-CoV-2 Infection (COVID-19) in Exposed Healthcare Workers	https://clinicaltrials.gov/show/NCT04328285	NCT04328285; EUCTR2020-001188-96	2021-03-01	FALSE	FALSE	FALSE	FALSE	FALSE	TRUE		NULL		both arms consist of two arms: Hydroxychloroquine vs. Placebo, Lopinavir/ritonavir vs. Placebo (two placeboarms were coded as one arm \nno comparison/no randomization between hydroxychloroquine and lopinavir/ritonavir arms
715	2022-05-25 14:05:38	2022-05-25 14:06:06	tri07193	NCT04664010	ClinicalTrials.gov	Efficacy and Safety of High-dose Vitamin C Combined With Chinese Medicine Against Coronavirus Pneumonia (COVID-19)	https://clinicaltrials.gov/show/NCT04664010	NCT04664010	2021-01-01	FALSE	FALSE	FALSE	FALSE	FALSE	TRUE		Interferon Alpha;Ribavirin;Umifenovir (Arbidol)		There was also kind of a placebo element here because there was a glucose infusion without vitamin C in some arms (collapsed arms for severe/moderate covid) but this is tough to show in our schema.
758	2022-05-25 14:06:18	2022-05-25 14:06:46	tri07965	NCT04768179	ClinicalTrials.gov	Safety & Efficacy of Low Dose Aspirin / Ivermectin Combination Therapy for Treatment of Covid-19 Patients	https://clinicaltrials.gov/show/NCT04768179	NCT04768179	2021-06-01	FALSE	FALSE	FALSE	FALSE		TRUE		NULL		2 different dosing arms.
794	2022-05-25 14:06:53	2022-05-25 14:08:23	tri05726	NCT04476979	ClinicalTrials.gov	Comparison of Tocilizumab Plus Dexamethasone vs. Dexamethasone for Patients With Covid-19	https://clinicaltrials.gov/show/NCT04476979	NCT04476979; EUCTR2020-001246-18	2021-06-01	FALSE	FALSE	FALSE	FALSE	FALSE	TRUE		Dexamethasone		NULL
796	2022-05-25 14:08:27	2022-05-25 14:09:50	tri08607	ISRCTN18304314	ISRCTN	Effect of convalescent plasma therapy on intensive care unit (ICU) deaths from COVID-19 in Suriname	http://www.isrctn.com/ISRCTN18304314	ISRCTN18304314	2021-01-01	FALSE	FALSE	FALSE	FALSE		TRUE		Dexamethasone		it was dexamethason vs. convalescent plasma, dexamethason is described as standard of care; both groups received supportive therapy such as additional respiratory and circulatory support.
816	2022-05-25 14:09:57	2022-05-25 14:10:09	tri03264	NCT04432272	ClinicalTrials.gov	ANTIBODY-LEVEL BASED ANALYSIS OF COVID-19 CONVALESCENT SERUM (ABACCuS)	https://clinicaltrials.gov/show/NCT04432272	NCT04432272	2020-11-01	FALSE	FALSE	FALSE	FALSE	FALSE	TRUE		NULL		Two different arms based on type of patient. Collapsed into 1 unique arm for our purposes.
832	2022-05-25 14:10:14	2022-05-25 14:10:37	tri07070	NCT04640168	ClinicalTrials.gov	Adaptive COVID-19 Treatment Trial 4 (ACTT-4)	https://clinicaltrials.gov/show/NCT04640168	NCT04640168	2021-05-01	FALSE	FALSE	FALSE	FALSE	FALSE	TRUE		Remdesivir		Each arm technically also got a placebo of the other arm (so barcitinib arm got a dex placebo and visa versa) but we don't have a way to put placebo into the experimental arm in our schema.
860	2022-05-25 14:10:45	2022-05-25 14:11:08	tri10125	NCT04701658	ClinicalTrials.gov	A Real World Study of Bamlanivimab in Participants With Mild-to-moderate Coronavirus Disease 2019 (COVID-19)	https://clinicaltrials.gov/show/NCT04701658	NCT04701658	2021-06-01	FALSE	FALSE	FALSE	FALSE		TRUE		NULL		Originally had a matched control arm but registration says this is now removed.
871	2022-05-25 14:11:12	2022-05-25 14:11:34	tri00055	ChiCTR2000029742	ChiCTR	A randomized, parallel controlled trial for the efficacy and safety of Sodium Aescinate Injection in the treatment of patients with pneumonia (COVID-19)	http://www.chictr.org.cn/showprojen.aspx?proj=49297	ChiCTR2000029742	2020-12-01	FALSE	FALSE	FALSE	FALSE	TRUE	TRUE		NULL		Simplifying to control arm, glucocorticoids (hormomonal therapy) and Sodium Aescinate arm
890	2022-05-25 14:11:39	2022-05-25 14:11:52	tri00177	ChiCTR2000029974	ChiCTR	A prospective, multicenter, open-label, randomized, parallel-controlled trial for probiotics to evaluate efficacy and safety in patients infected with 2019 novel coronavirus pneumonia (COVID-19)	http://www.chictr.org.cn/showprojen.aspx?proj=49321	ChiCTR2000029974	2020-08-01	FALSE	FALSE	FALSE	FALSE	TRUE	TRUE		NULL		NULL
910	2022-05-25 14:11:58	2022-07-20 19:52:34	tri00529	ChiCTR2000029573	ChiCTR	A multicenter, randomized, open, controlled clinical study to evaluate the efficacy and safety of recombinant cytokine gene-derived protein injection in combination with standard therapy in patients with novel coronavirus infection	http://www.chictr.org.cn/showprojen.aspx?proj=49065	ChiCTR2000029573	2020-06-01	FALSE	FALSE	FALSE	FALSE	TRUE	TRUE		Traditional Medicine;antivirals		NULL
917	2022-05-25 14:12:18	2022-05-25 14:12:35	tri00822	ChiCTR2000031944	ChiCTR	Efficacy of Chinese Herbal Tea in the Prevention of Novel Coronavirus Pneumonia (COVID-19): a Randomized Controlled Trial	http://www.chictr.org.cn/showprojen.aspx?proj=52414	ChiCTR2000031944	2020-12-01	FALSE	FALSE	FALSE	FALSE	TRUE	TRUE		NULL		NULL
931	2022-05-25 14:12:40	2022-07-20 19:52:59	tri04236	EUCTR2020-002456-21	EU Clinical Trials Register	Boosting the BCG-induced immunity response by addition of bisphosphonate or MMR vaccine: a possible preventive approach against the coronavirus (BCG-PLUS)	https://www.clinicaltrialsregister.eu/ctr-search/search?query=eudract_number:2020-002456-21	EUCTR2020-002456-21	2020-09-01	FALSE	FALSE	FALSE	FALSE	TRUE	TRUE		BCG Vaccine		Registration isn't very clear about what the exact arms are. Says there are 5 arms but I can really only confidently id 3. Placebo, BCG+MMR and BCG+Alendronic Acid
939	2022-05-25 14:13:53	2022-07-20 19:53:21	tri00192	NCT04273581	ClinicalTrials.gov	The Efficacy and Safety of Thalidomide Combined With Low-dose Hormones in the Treatment of Severe COVID-19	https://clinicaltrials.gov/show/NCT04273581	NCT04273581	2020-04-01	FALSE	FALSE	FALSE	FALSE	TRUE	TRUE		Abidol;Interferon Alpha;Methylprednisolone		NULL
943	2022-05-25 14:14:18	2022-05-25 14:14:34	tri02933	NCT04315298	ClinicalTrials.gov	Evaluation of the Efficacy and Safety of Sarilumab in Hospitalized Patients With COVID-19	https://clinicaltrials.gov/show/NCT04315298	NCT04315298	2020-07-01	FALSE	FALSE	FALSE	FALSE	TRUE	TRUE		NULL		Different cohorts and arms but basically Sarilumab vs placebo
964	2022-05-25 14:14:39	2022-05-25 14:14:58	tri03042	NCT04345861	ClinicalTrials.gov	Hydroxychloroquine Plus Azithromycin Versus Hydroxychloroquine for COVID-19 Pneumonia (COVIDOC Trial)	https://clinicaltrials.gov/show/NCT04345861	NCT04345861	2020-06-01	FALSE	FALSE	FALSE	FALSE	TRUE	TRUE		Hydroxychloroquine		NULL
968	2022-05-25 14:15:03	2022-05-25 14:15:23	tri01291	NCT04352465	ClinicalTrials.gov	Efficacy and Safety of MTX-loaded Nanoparticles to Treat Severe COVID-19 Patients	https://clinicaltrials.gov/show/NCT04352465	NCT04352465	2020-06-01	FALSE	FALSE	FALSE	FALSE	TRUE	TRUE		NULL		NULL
969	2022-05-25 14:15:26	2022-05-25 14:15:48	tri01897	NCT04352933	ClinicalTrials.gov	PROLIFIC ChemoprophylaxisTrial (COVID-19)	https://clinicaltrials.gov/show/NCT04352933	NCT04352933; EUCTR2020-001331-26	2020-10-01	FALSE	FALSE	FALSE	FALSE	TRUE	TRUE		NULL		NULL
990	2022-05-25 14:15:53	2022-05-25 14:16:06	tri05383	NCT04371107	ClinicalTrials.gov	Proactive Care of Ambulatory COVID19 Patients	https://clinicaltrials.gov/show/NCT04371107	NCT04371107	2020-06-01	FALSE	FALSE	FALSE	FALSE	TRUE	TRUE		NULL		NULL
1016	2022-05-25 14:16:12	2022-05-25 14:16:31	tri02643	NCT04416113	ClinicalTrials.gov	Photodynamic Therapy for the Treatment of COVID-19	https://clinicaltrials.gov/show/NCT04416113	NCT04416113	2020-12-01	FALSE	FALSE	FALSE	FALSE	TRUE	TRUE		NULL		NULL
1020	2022-05-25 14:16:34	2022-05-25 14:17:06	tri03502	NCT04434248	ClinicalTrials.gov	An Adaptive Study of Favipiravir Compared to Standard of Care in Hospitalized Patients With COVID-19	https://clinicaltrials.gov/show/NCT04434248	NCT04434248	2020-07-01	FALSE	FALSE	FALSE	FALSE	TRUE	TRUE				No specific about what standard of care is even though they list some therapies. It many include those. Using the &quot;Pivotal&quot; stage for extraction which is the selected pilot dose of favipiravir vs SoC.
1022	2022-05-25 14:17:10	2022-05-25 14:17:29	tri03516	NCT04435353	ClinicalTrials.gov	Assessment of the Effectiveness of Vibroacoustic Therapy for Respiratory Failure Caused by COVID 19	https://clinicaltrials.gov/show/NCT04435353	NCT04435353	2020-12-01	FALSE	FALSE	FALSE	FALSE	TRUE	TRUE		NULL		This trial did not register its arms correctly and therefore there is no good data on what the arms of the trial are. I am only recording the VibroLung arm as that's the only one I can be sure existed.
1033	2022-05-25 14:17:41	2022-05-25 14:18:23	tri05582	NCT04463420	ClinicalTrials.gov	Safety and Efficacy of PHR 160 Spray on the Outcomes of Patients With COVID-19	https://clinicaltrials.gov/show/NCT04463420	IRCT20200731048257N1; NCT04463420	2020-11-01	FALSE	FALSE	FALSE	FALSE	TRUE	TRUE		Azithromycin;Famotidine;Hydroxychloroquine;Naproxen;prednisolone		PHR spray is a traditional Iranian medicine.
1039	2022-05-25 14:18:27	2022-05-25 14:19:00	tri05750	NCT04479358	ClinicalTrials.gov	Low-dose Tocilizumab Versus Standard of Care in Hospitalized Patients With COVID-19	https://clinicaltrials.gov/show/NCT04479358	NCT04479358	2020-12-01	FALSE	FALSE	FALSE	FALSE	TRUE	TRUE		NULL		Contains two sub-studies. Basically Toc (at 2 doses) vs SoC and High-dose Toc vs 2 Low-doses of Toc. I'm representing this as 3 unique doses of Toc overall (40, 120, 400) and a soc arm.
1048	2022-05-25 14:19:04	2022-05-25 14:19:28	tri06316	NCT04549376	ClinicalTrials.gov	Virucidal Effect of Povidone Iodine on COVID-19 In-Vivo	https://clinicaltrials.gov/show/NCT04549376	NCT04549376	2020-10-01	FALSE	FALSE	FALSE	FALSE	TRUE	TRUE		NULL		Various concentrations (6 overall, 4 uniqu) and delivery methods of povidone iodine. For our purposes fine to collapse into 2 PI arms (for the 2 types of delivery as the main distinguishing factor) and then the placebo control.
1054	2022-05-25 14:19:34	2022-05-25 14:19:52	tri06631	NCT04597034	ClinicalTrials.gov	Efficacy and Safety of a Highly Selective Semipermeable Membrane (AN-69 Oxiris) vs (Standard AN-69) in COVID-19	https://clinicaltrials.gov/show/NCT04597034	NCT04597034	2021-12-01	FALSE	FALSE	FALSE	FALSE	TRUE	TRUE		NULL		NULL
1075	2022-05-25 14:21:01	2022-05-25 14:21:24	tri04562	CTRI/2020/05/025385	CTRI	Research study to evaluate the impact of Selected Ayurvedic interventions in containment zone	http://www.ctri.nic.in/Clinicaltrials/pmaindet2.php?trialid=43953	CTRI/2020/05/025385	2020-08-01	FALSE	FALSE	FALSE	FALSE	TRUE	TRUE		NULL		The comparator is &quot;Hand sanitizer Face Mask Social Distancing&quot; which is basic control methods. Listing as &quot;no treatment&quot; as the control.
1097	2022-05-25 14:21:30	2022-05-25 14:21:52	tri02468	NCT04363827	ClinicalTrials.gov	Protect: Study With Hydroxychloroquine for Prevention and Early Phase Treatment of Coronavirus Disease (COVID-19)	https://clinicaltrials.gov/show/NCT04363827	NCT04363827; EUCTR2020-001501-24	2021-06-01	FALSE	FALSE	FALSE	FALSE	TRUE	TRUE		NULL		Effectively 2 different dosing schedules of HCQ (for 2 different types of patient) compared to no treatment (observation).
1105	2022-05-25 14:21:56	2022-05-25 14:22:08	tri05599	NCT04465604	ClinicalTrials.gov	Hypertonic Saline for COVID-19 Symptoms	https://clinicaltrials.gov/show/NCT04465604	NCT04465604	2021-11-01	FALSE	FALSE	FALSE	FALSE	TRUE	FALSE		NULL		NULL
1107	2022-05-25 14:22:13	2022-05-25 14:22:45	tri00808	ACTRN12620000473965	ANZCTR	Reducing acute severe respiratory events in health care workers during the Covid-19 pandemic with OM85	https://anzctr.org.au/ACTRN12620000473965.aspx	ACTRN12620000473965	2020-09-01	FALSE	FALSE	FALSE	FALSE	TRUE	TRUE		NULL		Wait list control basically means people who didn't get treatment.
1141	2022-05-25 14:22:53	2022-07-20 19:54:15	tri01289	NCT04349631	ClinicalTrials.gov	A Clinical Trial to Determine the Safety and Efficacy of Hope Biosciences Autologous Mesenchymal Stem Cell Therapy (HB-adMSCs) to Provide Protection Against COVID-19	https://clinicaltrials.gov/show/NCT04349631	NCT04349631	2020-11-01	FALSE	FALSE	FALSE	FALSE	TRUE	TRUE		NULL		NULL
1195	2022-05-25 14:23:12	2022-05-25 14:23:27	tri07276	NCT04323527	ClinicalTrials.gov	Chloroquine Diphosphate for the Treatment of Severe Acute Respiratory Syndrome Secondary to SARS-CoV2 (CloroCOVID19)	https://clinicaltrials.gov/ct2/show/NCT04323527	NCT04323527	2020-05-01	FALSE	FALSE	FALSE	FALSE	TRUE			NULL		Taking the stage 2 study (CQ vs placebo) for extraction.
1197	2022-05-25 14:23:31	2022-05-25 14:23:40	tri02914	RPCEC00000313	RPCEC	CIGB-258 at COVID-19	https://rpcec.sld.cu/en/trials/RPCEC00000313-En	RPCEC00000313	2020-04-01	FALSE	FALSE	FALSE	FALSE	TRUE	TRUE		NULL		NULL
1229	2022-05-25 14:23:49	2022-05-25 14:24:14	tri01004	NCT04350684	ClinicalTrials.gov	Umifenovir in Hospitalized COVID-19 Patients	https://clinicaltrials.gov/show/NCT04350684	NCT04350684	2020-04-01	FALSE	FALSE	FALSE	FALSE	TRUE	TRUE		Hydroxychloroquine;Interferon Beta;Lopinavir;Ritonavir		NULL
1240	2022-05-25 14:24:21	2022-05-25 14:24:42	tri03419	NCT04402866	ClinicalTrials.gov	TD-0903 for ALI Associated With COVID-19	https://clinicaltrials.gov/show/NCT04402866	NCT04402866; EUCTR2020-001807-18	2021-04-01	FALSE	FALSE	FALSE	FALSE	TRUE			NULL		Extracted Part 2: Drug vs. Placebo. Part 1 about figuring out dosing w/ multiple arms.
1254	2022-05-25 14:24:49	2022-05-25 14:25:04	tri06018	NCT04512027	ClinicalTrials.gov	Prolectin-M in COVID-19 Patients Having Mild to Moderate Symptoms Not Requiring Oxygen Support.	https://clinicaltrials.gov/show/NCT04512027	NCT04512027; CTRI/2020/09/027833	2020-09-01	FALSE	FALSE	FALSE	FALSE	TRUE	TRUE		NULL		Defaulted this to a drug as unclear if it is a drug or biologic.
1260	2022-05-25 14:25:09	2022-05-25 14:25:23	tri07212	NCT04666233	ClinicalTrials.gov	Personal Protective Equipment for the Prevention of SARS-Cov-2 During Neonatal Resuscitation	https://clinicaltrials.gov/show/NCT04666233	NCT04666233	2021-03-01	FALSE	FALSE	FALSE	FALSE	TRUE			NULL		NULL
1269	2022-05-25 14:25:29	2022-05-25 14:25:41	tri00842	EUCTR2020-001765-37	EU Clinical Trials Register	Pragmatic clinical trial of hydroxychloroquine in the treatment of oncohematological patients and health professionals with COVID-19 infection without radiological alteration.	https://www.clinicaltrialsregister.eu/ctr-search/search?query=eudract_number:2020-001765-37	EUCTR2020-001765-37	2020-06-01	FALSE	FALSE	FALSE	FALSE	TRUE	TRUE		NULL		Two different cohorts based on disease both all just get HCQ as only unique arm.
1283	2022-05-25 14:25:55	2022-05-25 14:26:13	tri03350	NCT04365101	ClinicalTrials.gov	Natural Killer Cell (CYNK-001) Infusions in Adults With COVID-19	https://clinicaltrials.gov/show/NCT04365101	NCT04365101	2021-12-01	FALSE	FALSE	FALSE	FALSE	TRUE	FALSE		NULL		Using Phase 2 part for extraction.
1300	2022-05-25 14:26:18	2022-05-25 14:26:37	tri01280	NCT04329923	ClinicalTrials.gov	The PATCH Trial (Prevention And Treatment of COVID-19 With Hydroxychloroquine)	https://clinicaltrials.gov/show/NCT04329923	NCT04329923	2020-11-01	FALSE	FALSE	FALSE	FALSE	TRUE	TRUE		NULL		Three different cohorts in this study: HCQ vs placebo in two and High-dose HCQ vs low-dose HCQ in one all in different populations. Putting in as HCQ arm and placebo arm as most representative of what this study was examining and indicative of the arms.
1312	2022-05-25 14:26:41	2022-05-25 14:27:11	tri02586	NCT04372589	ClinicalTrials.gov	Antithrombotic Therapy to Ameliorate Complications of COVID-19 (ATTACC)	https://clinicaltrials.gov/show/NCT04372589	NCT04372589	2021-05-01	FALSE	FALSE	FALSE	FALSE	TRUE	TRUE		NULL		They get either type of heparin therapeutically in the experimental group.
1340	2022-05-25 14:27:18	2022-05-25 14:27:33	tri00227	ChiCTR2000030265	ChiCTR	Study for continuous renal replacement therapy with adsorption filter in the treatment of the novel coronavirus pneumonia (COVID-19)	http://www.chictr.org.cn/showprojen.aspx?proj=49691	ChiCTR2000030265	2021-02-01	FALSE	FALSE	FALSE	FALSE	FALSE	TRUE		NULL		NULL
1416	2022-05-25 14:27:48	2022-05-25 14:28:04	tri02291	NCT04400929	ClinicalTrials.gov	Using GM-CSF as a Host Directed Therapeutic Against COVID-19	https://clinicaltrials.gov/show/NCT04400929	NCT04400929	2021-06-01	FALSE	FALSE	FALSE	FALSE	FALSE	TRUE		NULL		Various different treatment arms for specific types of pts. who got it for different amounts of time but ultimately just Sargramostim vs placebo
1432	2022-05-25 14:28:09	2022-05-25 14:28:22	tri02581	NCT04359680	ClinicalTrials.gov	Trial to Evaluate the Efficacy and Safety of Nitazoxanide (NTZ) for Pre- and Post Exposure Prophylaxis of COVID-19 and Other Viral Respiratory Illnesses (VRI) in Healthcare Workers and Others at Increased Risk of SARS-CoV-2 Infection	https://clinicaltrials.gov/show/NCT04359680	NCT04359680	2021-03-01	FALSE	FALSE	FALSE	FALSE	FALSE	TRUE		NULL		Vitamin B was the placebo it looks like. Not a SoC.
1444	2022-05-25 14:28:26	2022-05-25 14:28:43	tri02970	NCT04401293	ClinicalTrials.gov	Full Dose Heparin Vs. Prophylactic Or Intermediate Dose Heparin in High Risk COVID-19 Patients	https://clinicaltrials.gov/show/NCT04401293	NCT04401293	2021-05-01	FALSE	FALSE	FALSE	FALSE	FALSE	TRUE		Low molecular weight heparin (LMWH);Unfractionated heparin		SoC is prophylactic doses of either heparin.
1450	2022-05-25 14:28:47	2022-05-25 14:28:58	tri03051	NCT04353596	ClinicalTrials.gov	Stopping ACE-inhibitors in COVID-19	https://clinicaltrials.gov/show/NCT04353596	EUCTR2020-001206-35; NCT04353596	2021-02-01	TRUE	TRUE	FALSE	TRUE	FALSE	TRUE		NULL		While the actual intervention in this trial is stopping treatment and the control is continuing, to represent this in our schema I have put ACE & ARB treatment as the experimental arm and No treatment (the stopping) as the control arm.
1455	2022-05-25 14:29:01	2022-05-25 14:30:48	tri03102	NCT04420299	ClinicalTrials.gov	Clinical Trial on the Efficacy and Safety of Bemiparin in Patients Hospitalized Because of COVID-19	https://clinicaltrials.gov/show/NCT04420299	EUCTR2020-001548-24; NCT04420299	2021-03-01	FALSE	FALSE	FALSE	FALSE	FALSE	TRUE		Bemiparin sodium		therapeutic vs prophylactic
1465	2022-05-25 14:30:55	2022-05-25 14:31:11	tri03306	NCT04344587	ClinicalTrials.gov	Awake Prone Position for Early Hypoxemia in COVID-19	https://clinicaltrials.gov/show/NCT04344587	NCT04344587	2021-05-01	FALSE	FALSE	FALSE	FALSE	FALSE	TRUE		NULL		This is other because it's not prone positioning but a reminder to do prone positioning.
1468	2022-05-25 14:31:14	2022-05-25 14:31:36	tri03337	NCT04360824	ClinicalTrials.gov	Covid-19 Associated Coagulopathy	https://clinicaltrials.gov/show/NCT04360824	NCT04360824	2021-04-01	FALSE	FALSE	FALSE	FALSE	FALSE	TRUE		Enoxaparin		Intervention is therapuetic enoxoparin, SoC is prophylactic.
1471	2022-05-25 14:31:40	2022-05-25 14:31:56	tri03368	NCT04373707	ClinicalTrials.gov	Weight-Adjusted vs Fixed Low Doses of Low Molecular Weight Heparin For Venous Thromboembolism Prevention in COVID-19	https://clinicaltrials.gov/show/NCT04373707	EUCTR2020-001709-21; NCT04373707	2021-11-01	FALSE	FALSE	FALSE	FALSE	FALSE	TRUE		Enoxaparin		low dose is comparator/SoC, weight adjusted dose is intervention.
1495	2022-05-25 14:32:03	2022-05-25 14:32:23	tri03718	NL8538	Netherlands Trial Register	Sleep position related to hospital length of stay in admitted COVID-19 patients	https://trialregister.nl/trial/8538	NL8538	2021-04-01	FALSE	FALSE	FALSE	FALSE	FALSE	TRUE		NULL		NULL
1584	2022-05-25 14:32:38	2022-05-25 14:32:46	tri06142	NCT04527614	ClinicalTrials.gov	Influence of Prior Infection With COVID-19 on Occurrence of Influenza-like Illness or Acute Respiratory Infection	https://clinicaltrials.gov/show/NCT04527614	NCT04527614	2021-05-01	FALSE	FALSE	FALSE	FALSE	FALSE	TRUE		NULL		Not an interventional trial
1600	2022-05-25 14:32:51	2022-05-25 14:33:03	tri06416	NCT04565665	ClinicalTrials.gov	Cord Blood-Derived Mesenchymal Stem Cells for the Treatment of COVID-19 Related Acute Respiratory Distress Syndrome	https://clinicaltrials.gov/show/NCT04565665	NCT04565665	2021-04-01	FALSE	FALSE	FALSE	FALSE	FALSE	TRUE		NULL		Disregarding pilot. Extracted the Phase 2 study.
1606	2022-05-25 14:33:06	2022-05-25 14:33:21	tri06523	NCT04581863	ClinicalTrials.gov	COVID-19 Watch + COVID-19 Pulse	https://clinicaltrials.gov/show/NCT04581863	NCT04581863	2021-02-01	FALSE	FALSE	FALSE	FALSE	FALSE	TRUE		COVID Watch		NULL
1620	2022-05-25 14:33:26	2022-05-25 14:34:02	tri06681	NCT04604327	ClinicalTrials.gov	Comparison of Two Different Doses of Bemiparin in COVID-19	https://clinicaltrials.gov/show/NCT04604327	NCT04604327	2021-05-01	FALSE	FALSE	FALSE	FALSE	FALSE	TRUE		Bemiparin sodium		Two different doses, experimental and soc.
1654	2022-05-25 14:34:11	2022-05-25 14:34:24	tri06937	NCT04646655	ClinicalTrials.gov	Enoxaparin at Prophylactic or Therapeutic Doses in COVID-19	https://clinicaltrials.gov/show/NCT04646655	NCT04646655	2021-05-01	FALSE	FALSE	FALSE	FALSE	FALSE	TRUE		Enoxaparin		SoC is Enoxaparin at another dose
1656	2022-05-25 14:34:27	2022-08-23 15:06:20	tri06952	NCT04456595	ClinicalTrials.gov	Clinical Trial of Efficacy and Safety of Sinovac's Adsorbed COVID-19 (Inactivated) Vaccine in Healthcare Professionals	https://clinicaltrials.gov/show/NCT04456595	NCT04456595	2020-12-01	FALSE	FALSE	FALSE	FALSE	FALSE	TRUE		NULL		Arms are also separated by age, not relevant for us.
1728	2022-05-25 14:34:51	2022-05-25 14:35:12	tri08019	NCT04777981	ClinicalTrials.gov	(CBDRA60) to Prevent or Reduce Symptoms of COVID-19 and Prevention of Post-Acute Sequelae of SARS-CoV-2 Infection PASC	https://clinicaltrials.gov/show/NCT04777981	NCT04777981	2021-12-01	FALSE	FALSE	FALSE	FALSE		TRUE		NULL		Calling this a drug but I think an argument could be made for a traditional medicine. Registry call is a dietary supplement but we don't use that definition in that context.
1738	2022-05-25 14:35:16	2022-05-25 14:35:26	tri08270	EUCTR2020-001251-41	EU Clinical Trials Register	STUDY TESTING THE VALUE OF IMATINIB IN PREVENTION OF COVID-19 IN AGED PATIENTS.	https://www.clinicaltrialsregister.eu/ctr-search/search?query=eudract_number:2020-001251-41	NCT04357613; EUCTR2020-001251-41	2021-01-01	FALSE	FALSE	FALSE	FALSE		TRUE		NULL		NULL
1740	2022-05-25 14:35:29	2022-05-25 14:35:47	tri08314	NCT04802018	ClinicalTrials.gov	Clinical Decision Support System Based on Non-invasive Tele-monitoring of COVID-19 Patients	https://clinicaltrials.gov/show/NCT04802018	NCT04802018	2021-11-01	FALSE	FALSE	FALSE	FALSE		TRUE		Telemedicine		NULL
1749	2022-05-25 14:35:52	2022-05-25 14:36:06	tri08446	NCT04329195	ClinicalTrials.gov	ACE Inhibitors or ARBs Discontinuation in Context of COVID-19 Pandemic	https://clinicaltrials.gov/show/NCT04329195	EUCTR2020-001381-11; NCT04329195	2020-12-01	FALSE	FALSE	FALSE	FALSE		TRUE		NULL		This is another trial of stopping therapy. Experimental will be ACE/ARBs, control will be no treatment to represent this design.
1769	2022-05-25 14:36:11	2022-05-25 14:37:49	tri08853	NCT04817319	ClinicalTrials.gov	Risk of Contamination by COVID-19 During Oral Care With Aerosolization	https://clinicaltrials.gov/show/NCT04817319	NCT04817319	2021-10-01	FALSE	FALSE	FALSE	FALSE		TRUE		NULL		I think this study should maybe be excluded.
1770	2022-05-25 14:37:52	2022-05-25 14:38:13	tri08864	NCT04854486	ClinicalTrials.gov	Impact of GSE and Xylitol (Xlear) on COVID-19 Symptoms and Time to PCR Negativisation in COVID-19 Patients	https://clinicaltrials.gov/show/NCT04854486	NCT04854486	2022-03-01	FALSE	FALSE	FALSE	FALSE		TRUE		NULL		Not really drugs, not dietary supplements, not traditional medicine so put as other
1808	2022-05-25 14:38:20	2022-05-25 14:40:53	tri10000	LBCTR2021034768	LBCTR	In vivo evaluation of the virucidal efficacy of Chlorhexidine and Povidone-iodine mouthwashes against salivary SARS-CoV-2	https://lbctr.moph.gov.lb/LBCTR/Trials/Details/4770	LBCTR2021034768	2020-12-01	FALSE	FALSE	FALSE	FALSE		TRUE		NULL		Three arms here, double-checked with article https://www.ncbi.nlm.nih.gov/pmc/articles/PMC8080510/
1366	2022-05-26 03:45:37	2022-05-26 03:45:50	tri01014	NCT04351763	ClinicalTrials.gov	Amiodarone or Verapamil in COVID-19 Hospitalized Patients With Symptoms	https://clinicaltrials.gov/show/NCT04351763	EUCTR2020-001951-42; NCT04351763	2021-03-01	FALSE	FALSE	FALSE	FALSE	FALSE	TRUE		NULL		NULL
771	2022-05-26 03:46:02	2022-05-26 03:46:27	tri08148	NCT04723459	ClinicalTrials.gov	Efficacy of Nano-Ivermectin Impregnated Masks in Prevention of Covid-19 Among Healthy Contacts and Medical Staff	https://clinicaltrials.gov/show/NCT04723459	NCT04723459	2021-02-01	FALSE	FALSE	FALSE	FALSE		TRUE		Masks		Ivermectin is the difference here.
81	2022-07-20 19:30:48	2022-07-20 19:31:22	tri01625	IRCT20200328046886N1	IRCT	The effectiveness of Sovodak (sofosbuvir+daclatasvir) in Covid-19 patients	http://en.irct.ir/trial/46885	IRCT20200328046886N1	2020-05-01	FALSE	FALSE	FALSE	FALSE	TRUE	TRUE		NULL		NULL
219	2022-07-20 19:32:22	2022-07-20 19:32:40	tri01442	NCT04370288	ClinicalTrials.gov	Clinical Application of Methylene Blue for Treatment of Covid-19 Patients	https://clinicaltrials.gov/show/NCT04370288		2020-09-01	FALSE	FALSE	FALSE	FALSE	TRUE	TRUE		NULL		NULL
238	2022-07-20 19:32:58	2022-07-20 19:33:49	tri03075	NCT04386850	ClinicalTrials.gov	Oral 25-hydroxyvitamin D3 and COVID-19	https://clinicaltrials.gov/show/NCT04386850	NCT04386850; IRCT20200401046909N2; IRCT20200401046909N1	2020-11-01	FALSE	FALSE	FALSE	FALSE	TRUE	TRUE		NULL		This study has 4 arms: 1) Vitamin  D3 for treatment vs 2) placebo for treatment. 3) Vit D3 for prevention vs 4) placebo for prevention. We collapsed them to 2 arms for the extraction.
263	2022-07-20 19:34:18	2022-07-20 19:35:27	tri02381	NCT04405310	ClinicalTrials.gov	Convalescent Plasma of Covid-19 to Treat SARS-COV-2 a Randomized Doble Blind 2 Center Trial	https://clinicaltrials.gov/show/NCT04405310	NCT04405310	2020-11-01	FALSE	FALSE	FALSE	FALSE	TRUE	TRUE		Azithromycin;Hydroxychloroquine		Two different types of plasma arms collapsed into 1 here
300	2022-07-20 19:35:45	2022-07-20 19:36:15	tri05584	NCT04463472	ClinicalTrials.gov	Study of COVID-19 DNA Vaccine (AG0301-COVID19)	https://clinicaltrials.gov/show/NCT04463472	NCT04463472	2020-09-01	FALSE	FALSE	FALSE	FALSE	TRUE	TRUE		NULL		Two dose arms.
332	2022-07-20 19:36:23	2022-07-20 19:36:43	tri06493	NCT04577378	ClinicalTrials.gov	Efficacy and Safety of Drug Combination Therapy of Isotretinoin and Some Antifungal Drugs as A Potential Aerosol Therapy for COVID-19 : An Innovative Therapeutic Approach COVID-19	https://clinicaltrials.gov/show/NCT04577378	NCT04577378	2020-11-01	FALSE	FALSE	FALSE	FALSE	TRUE	TRUE		NULL		NULL
404	2022-07-20 19:37:26	2022-07-20 19:37:42	tri03295	NCT04335136	ClinicalTrials.gov	Recombinant Human Angiotensin-converting Enzyme 2 (rhACE2) as a Treatment for Patients With COVID-19	https://clinicaltrials.gov/show/NCT04335136	NCT04335136; EUCTR2020-001172-15	2020-12-01	TRUE	TRUE	FALSE	TRUE	TRUE	TRUE		NULL		Synonyms: APN01, RhACE2
409	2022-07-20 19:37:59	2022-07-20 19:38:14	tri05957	NCT04502433	ClinicalTrials.gov	Poractant Alfa - Curosurf and SARS-COV-19 ARDS (Covid-19)	https://clinicaltrials.gov/show/NCT04502433	NCT04502433; EUCTR2020-002632-75	2021-07-01	FALSE	FALSE	FALSE	FALSE	TRUE	FALSE		NULL		NULL
481	2022-07-20 19:38:40	2022-07-20 19:39:02	tri03227	NCT04402944	ClinicalTrials.gov	Pulmozyme to Improve COVID-19 ARDS Outcomes	https://clinicaltrials.gov/show/NCT04402944		2021-05-01	FALSE	FALSE	FALSE	FALSE	TRUE	TRUE		NULL		After obtaining informed consent, patients will be randomized 2:1 to Pulmozyme 2.5 mg BID for up to 28 days or until they are no longer receiving mechanical ventilation, whichever is sooner plus standard of care vs. placebo normal saline 2.5 ml plus standard of care.
508	2022-07-20 19:39:17	2022-07-20 19:39:32	tri01842	NCT04381364	ClinicalTrials.gov	Inhalation of Ciclesonide for Patients With COVID-19: A Randomised Open Treatment Study (HALT COVID-19)	https://clinicaltrials.gov/show/NCT04381364	NCT04381364; EUCTR2020-001928-34	2021-12-01	FALSE	FALSE	FALSE	FALSE	TRUE	FALSE		NULL		NULL
515	2022-07-20 19:39:51	2022-07-20 19:40:23	tri03748	NCT04327388	ClinicalTrials.gov	Sarilumab COVID-19	https://clinicaltrials.gov/show/NCT04327388	NCT04327388; EUCTR2020-001162-12	2020-07-01	TRUE	TRUE	FALSE	TRUE	TRUE	TRUE		NULL		Collapsed 2 dose arms into 1
568	2022-07-20 19:45:30	2022-07-20 19:45:50	tri03542	NCT04438850	ClinicalTrials.gov	COVidIVERmectin: Ivermectin for Treatment of Covid-19	https://clinicaltrials.gov/show/NCT04438850	NCT04438850; EUCTR2020-002283-32	2021-06-01	FALSE	FALSE	FALSE	FALSE	TRUE	TRUE		NULL		Collapse 2 dose arms
616	2022-07-20 19:48:49	2022-07-20 19:49:06	tri02035	NCT04370782	ClinicalTrials.gov	Hydroxychloroquine and Zinc With Either Azithromycin or Doxycycline for Treatment of COVID-19 in Outpatient Setting	https://clinicaltrials.gov/show/NCT04370782	NCT04370782	2020-09-01	FALSE	FALSE	FALSE	FALSE	TRUE	TRUE		Hydroxychloroquine;Zinc		NULL
666	2022-07-20 19:49:35	2022-07-20 19:49:55	tri00530	ChiCTR2000029496	ChiCTR	A randomized, open label, parallel controlled trial of evaluating the efficacy of recombinant cytokine gene-derived protein injection for clearing novel coronavirus in patients with novel coronavirus pneumonia (COVID-19)	http://www.chictr.org.cn/showprojen.aspx?proj=48809	ChiCTR2000029496	2021-01-01	FALSE	FALSE	FALSE	FALSE	FALSE	TRUE		NULL		NULL
861	2022-07-20 19:50:31	2022-07-20 19:50:43	tri10199	NCT04927169	ClinicalTrials.gov	InterLeukin-7 to Improve Clinical Outcomes in Lymphopenic pAtients With COVID-19 Infection (Brazil Cohort)	https://clinicaltrials.gov/show/NCT04927169	NCT04927169	2021-12-01	FALSE	FALSE	FALSE	FALSE		TRUE		NULL		NULL
1149	2022-07-20 19:54:21	2022-07-20 19:54:54	tri03394	NCT04388826	ClinicalTrials.gov	COVID-19 Treatment of Severe Acute Respiratory Syndrome With Veru-111	https://clinicaltrials.gov/show/NCT04388826	NCT04388826	2020-12-01	FALSE	FALSE	FALSE	FALSE	TRUE	TRUE		NULL		NULL
1232	2022-07-20 19:55:31	2022-07-20 19:55:43	tri03349	NCT04364893	ClinicalTrials.gov	Angiotensin Receptor Blockers and Angiotensin-converting Enzyme Inhibitors and Adverse Outcomes in Patients With COVID19	https://clinicaltrials.gov/show/NCT04364893	NCT04364893	2020-10-01	FALSE	FALSE	FALSE	FALSE	TRUE	TRUE		NULL		NULL
1310	2022-07-20 19:56:22	2022-07-20 19:59:11	tri02289	NCT04400838	ClinicalTrials.gov	Investigating a Vaccine Against COVID-19	https://clinicaltrials.gov/ct2/show/NCT04400838	NCT04400838; EUCTR2020-001228-32; ISRCTN90906759	2021-12-01	FALSE	FALSE	FALSE	FALSE	TRUE					Various doses but basically they either get the OX-AZ vaccine or they get MenACWY vaccine. Just putting those 2 arms as it is just essentially collapsing different doses. Other/Unknown for control as MenACWY is neither really placebo nor standard of care.
1313	2022-07-20 19:59:31	2022-07-20 19:59:53	tri02910	RPCEC00000309	RPCEC	Therapy for COVID-19-Phase I-II	https://rpcec.sld.cu/en/trials/RPCEC00000309-En	RPCEC00000309	2021-01-01	FALSE	FALSE	FALSE	FALSE	TRUE	TRUE		Paracetamol		Combined the two Homeostat + Paracetamol arms
1582	2022-07-25 12:48:31	2022-07-25 12:49:31	tri06127	NCT04526821	ClinicalTrials.gov	Lactoferrin for Prevention of COVID-19 in Health Care Workers	https://clinicaltrials.gov/show/NCT04526821	NCT04526821	2021-06-01	FALSE	FALSE	FALSE	FALSE	FALSE	TRUE		NULL		NULL
1542	2022-07-25 12:49:48	2022-07-25 12:50:01	tri05378	NCT04367168	ClinicalTrials.gov	Colchicine Twice Daily During 10 Days as an Option for the Treatment of Symptoms Induced by Inflammation in Patients With Mild and Severe Coronavirus Disease	https://clinicaltrials.gov/show/NCT04367168	NCT04367168	2021-04-01	FALSE	FALSE	FALSE	FALSE	FALSE	TRUE		NULL		NULL
1517	2022-07-25 12:50:37	2022-07-25 12:50:57	tri04659	CTRI/2020/06/025957	CTRI	A Clinical Study on Favipiravir and Umifenovir Compared to Favipiravir alone in Hospitalized Patients with Moderate COVID-19.	http://www.ctri.nic.in/Clinicaltrials/pmaindet2.php?trialid=44709	CTRI/2020/06/025957	2020-08-01	FALSE	FALSE	FALSE	FALSE	FALSE	TRUE		NULL		NULL
1521	2022-07-25 12:51:11	2022-07-25 12:51:26	tri04829	CTRI/2020/07/026835	CTRI	Comparison of two different types of simple non-invasive oxygen therapy devices in coronavirus lung infection	http://www.ctri.nic.in/Clinicaltrials/pmaindet2.php?trialid=44539	CTRI/2020/07/026835	2020-12-01	FALSE	FALSE	FALSE	FALSE	FALSE	TRUE		Oxygen mask		NULL
1536	2022-07-25 12:52:16	2022-07-25 12:52:32	tri05118	CTRI/2020/10/028537	CTRI	Clinical trial of Ayurvedic Medicines in Patients with Asymptomatic and/or Mild Symptoms of COVID-19	http://www.ctri.nic.in/Clinicaltrials/pmaindet2.php?trialid=48342	CTRI/2020/10/028537	2021-02-01	FALSE	FALSE	FALSE	FALSE	FALSE	TRUE		NULL		NULL
531	2022-07-28 07:42:44	2022-08-23 15:07:05	tri02956	NCT04368728	ClinicalTrials.gov	Study to Describe the Safety, Tolerability, Immunogenicity, and Efficacy of RNA Vaccine Candidates Against COVID-19 in Healthy Individuals	https://clinicaltrials.gov/show/NCT04368728	NCT04368728; EUCTR2020-002641-42	2021-11-01	TRUE	TRUE	FALSE	TRUE	TRUE	TRUE		NULL		Making 4 arms for the 4 different initial doses plus placebo. Various booster arms added later are not counted. Considering they sub-types of the vaccine the same general compound.
1824	2022-07-29 05:29:20	2022-07-29 05:29:58	tri10295	ISRCTN69254139	ISRCTN	Comparing coronavirus (COVID-19) vaccine schedule combinations	http://www.isrctn.com/ISRCTN69254139	EUCTR2020-005085-33; ISRCTN69254139	2022-11-01	FALSE	FALSE	FALSE	FALSE		TRUE		NULL		Simplifying this into 4 unique arms: OX/AZ alone, OX/AX + Pfizer, Pfizer alone, Pfizer + OX/AZ
1194	2022-07-29 05:39:35	2022-07-29 05:40:00	tri03168	ISRCTN89951424	ISRCTN	A phase III study to investigate a vaccine against COVID-19	http://www.isrctn.com/ISRCTN89951424	ISRCTN89951424; NCT04536051	2021-12-01	FALSE	FALSE	FALSE	FALSE	TRUE	TRUE		NULL		Control is MenACWY which is neither really placebo nor standard of care.
1354	2022-08-09 04:58:17	2022-08-09 04:58:28	tri00699	ChiCTR2000031781	ChiCTR	A randomized, double-blinded, placebo-controlled phase II clinical trial for Recombinant Novel Coronavirus (2019-nCOV) Vaccine (Adenovirus Vector)	http://www.chictr.org.cn/showprojen.aspx?proj=52006	ChiCTR2000031781; NCT04341389	2021-01-01	FALSE	FALSE	FALSE	FALSE	FALSE	TRUE		NULL		NULL
158	2022-08-09 04:58:43	2022-08-09 04:58:54	tri02023	NCT04341389	ClinicalTrials.gov	A Phase II Clinical Trial to Evaluate the Recombinant Vaccine for COVID-19 (Adenovirus Vector)	https://clinicaltrials.gov/show/NCT04341389	NCT04341389	2021-01-01	FALSE	FALSE	FALSE	FALSE	TRUE	TRUE		NULL		NULL
1660	2022-08-09 04:59:07	2022-08-09 04:59:18	tri06979	NCT04505722	ClinicalTrials.gov	A Study of Ad26.COV2.S for the Prevention of SARS-CoV-2-Mediated COVID-19 in Adult Participants	https://clinicaltrials.gov/show/NCT04505722	PER-048-20; NCT04505722	2021-01-01	FALSE	FALSE	FALSE	FALSE	FALSE	TRUE		NULL		NULL
1661	2022-08-09 04:59:38	2022-08-09 04:59:46	tri07015	NCT04564716	ClinicalTrials.gov	Clinical Trial of Efficacy, Safety, and Immunogenicity of Gam-COVID-Vac Vaccine Against COVID-19 in Belarus	https://clinicaltrials.gov/show/NCT04564716	NCT04564716	2021-03-01	FALSE	FALSE	FALSE	FALSE	FALSE	TRUE		NULL		NULL
1662	2022-08-09 05:00:06	2022-08-09 05:00:19	tri07021	NCT04569786	ClinicalTrials.gov	Dose Ranging Trial to Assess Safety and Immunogenicity of V590 (COVID-19 Vaccine) in Healthy Adults (V590-001)	https://clinicaltrials.gov/show/NCT04569786	NCT04569786	2021-02-01	FALSE	FALSE	FALSE	FALSE	FALSE	TRUE		NULL		4 doses, collapsed Age
1101	2022-08-09 05:00:56	2022-08-09 05:01:06	tri06250	NCT04540419	ClinicalTrials.gov	Clinical Trial of Recombinant Novel Coronavirus Vaccine (Adenovirus Type 5 Vector) Against COVID-19	https://clinicaltrials.gov/show/NCT04540419	NCT04540419	2021-05-01	FALSE	FALSE	FALSE	FALSE	TRUE	TRUE		NULL		NULL
483	2022-08-09 05:01:16	2022-08-09 05:01:27	tri06407	NCT04563702	ClinicalTrials.gov	Safety and Immunogenicity Trial of an Oral SARS-CoV-2 Vaccine (VXA-CoV2-1) for Prevention of COVID-19 in Healthy Adults	https://clinicaltrials.gov/show/NCT04563702	NCT04563702	2021-05-01	FALSE	FALSE	FALSE	FALSE	TRUE	TRUE		NULL		NULL
285	2022-08-09 05:01:36	2022-08-09 05:01:46	tri03533	NCT04437875	ClinicalTrials.gov	An Open Study of the Safety, Tolerability and Immunogenicity of 'Gam-COVID-Vac Lyo' Vaccine Against COVID-19	https://clinicaltrials.gov/show/NCT04437875	NCT04437875	2020-08-01	FALSE	FALSE	FALSE	FALSE	TRUE	TRUE		NULL		NULL
362	2022-08-09 05:01:57	2022-08-09 05:02:12	tri06091	NCT04522089	ClinicalTrials.gov	A Study to Evaluate the Safety and Immunogenicity of COVID-19 (AdimrSC-2f) Vaccine	https://clinicaltrials.gov/show/NCT04522089	NCT04522089	2020-11-01	FALSE	FALSE	FALSE	FALSE	TRUE	TRUE		NULL		NULL
1751	2022-08-09 05:02:22	2022-08-09 05:02:30	tri08464	NCT04747821	ClinicalTrials.gov	An Effectiveness Study of the Sinovac's Adsorbed COVID-19 (Inactivated) Vaccine	https://clinicaltrials.gov/show/NCT04747821	NCT04747821	2021-05-01	FALSE	FALSE	FALSE	FALSE		TRUE		NULL		This is really just 4 groups getting the same exact thing at different times. Grouping into 1 arm.
1737	2022-08-09 05:02:45	2022-08-09 05:02:54	tri08164	NCT04789356	ClinicalTrials.gov	Effectiveness of the Adsorbed Vaccine COVID-19 (Coronavac) Among Education and Public Safety Workers With Risk Factors for Severity	https://clinicaltrials.gov/show/NCT04789356	NCT04789356	2021-07-01	FALSE	FALSE	FALSE	FALSE		TRUE		NULL		NULL
1570	2022-08-09 05:03:02	2022-08-09 05:03:12	tri05982	NCT04508075	ClinicalTrials.gov	Efficacy, Safety and Immunogenicity Study of SARS-CoV-2 Inactivated Vaccine	https://clinicaltrials.gov/show/NCT04508075	NCT04508075	2021-01-01	FALSE	FALSE	FALSE	FALSE	FALSE	TRUE		NULL		NULL
1573	2022-08-09 05:24:04	2022-08-09 05:24:15	tri06001	NCT04510207	ClinicalTrials.gov	A Study to Evaluate The Efficacy, Safety and Immunogenicity of Inactivated SARS-CoV-2 Vaccines (Vero Cell) in Healthy Population Aged 18 Years Old and Above	https://clinicaltrials.gov/show/NCT04510207	NCT04510207	2021-06-01	FALSE	FALSE	FALSE	FALSE	FALSE	TRUE		NULL		2 different versions of vaccine and placebo. Ignored boosters.
1798	2022-08-09 05:24:44	2022-08-09 05:24:52	tri09664	NCT04914832	ClinicalTrials.gov	Effectiveness of Covid-19 Vaccination in Eswatini Against SARS-CoV-2 Associated Hospitalization and Death	https://clinicaltrials.gov/show/NCT04914832	NCT04914832	2022-05-01	FALSE	FALSE	FALSE	FALSE		TRUE		NULL		NULL
1664	2022-08-09 05:25:02	2022-08-09 05:25:16	tri07058	NCT04625725	ClinicalTrials.gov	Phase III Double-blind, Placebo-controlled Study of AZD7442 for Pre-exposure Prophylaxis of COVID-19 in Adult.	https://clinicaltrials.gov/show/NCT04625725	EUCTR2020-004356-16; NCT04625725	2021-05-01	FALSE	FALSE	FALSE	FALSE	FALSE	TRUE		NULL		Ignoring the sub-studies. AZD7442 is a combination of two LAABs - tixagevimab (AZD8895) and cilgavimab (AZD1061) - derived from B-cells donated by convalescent patients
1665	2022-08-09 05:25:23	2022-09-13 08:16:17	tri07059	NCT04625972	ClinicalTrials.gov	Phase III Double-blind, Placebo-controlled Study of AZD7442 for Post- Exposure Prophylaxis of COVID-19 in Adults	https://clinicaltrials.gov/show/NCT04625972	EUCTR2020-004719-28; NCT04625972	2021-04-01	FALSE	FALSE	FALSE	FALSE	FALSE	TRUE		NULL		AZD7442 is a combination of two LAABs - tixagevimab (AZD8895) and cilgavimab (AZD1061) - derived from B-cells donated by convalescent patients
1652	2022-08-09 05:25:48	2022-08-09 05:26:00	tri06896	NCT04641481	ClinicalTrials.gov	An Efficacy and Safety Clinical Trial of an Investigational COVID-19 Vaccine (BBV152) in Adult Volunteers	https://clinicaltrials.gov/show/NCT04641481	CTRI/2020/11/028976; NCT04641481	2021-01-01	FALSE	FALSE	FALSE	FALSE	FALSE	TRUE		NULL		NULL
1553	2022-08-09 05:26:10	2022-08-09 05:26:20	tri05660	NCT04471519	ClinicalTrials.gov	Whole-Virion Inactivated SARS-CoV-2 Vaccine (BBV152) for COVID-19 in Healthy Volunteers	https://clinicaltrials.gov/show/NCT04471519	CTRI/2020/07/026300; NCT04471519	2020-07-01	FALSE	FALSE	FALSE	FALSE	FALSE	TRUE		NULL		Ignoring Phase 1 and inputting based on Phase 2 part which is just 2 arms of slightly different formulations
1771	2022-08-09 05:26:27	2022-08-09 05:26:48	tri08872	NCT04860739	ClinicalTrials.gov	Vaccination With COMIRNATY in Subjects With a VAXZEVRIA First Dose	https://clinicaltrials.gov/show/NCT04860739	EUCTR2021-001978-37; NCT04860739	2021-05-01	FALSE	FALSE	FALSE	FALSE		TRUE		NULL		NULL
1791	2022-08-09 05:27:09	2022-08-09 05:27:21	tri09557	ACTRN12621000532808	ANZCTR	Vaccination of kidney transplant and dialysis patients and their close household contacts against COVID-19	https://anzctr.org.au/ACTRN12621000532808.aspx	ACTRN12621000532808	2021-12-01	FALSE	FALSE	FALSE	FALSE		TRUE		NULL		NULL
1320	2022-08-09 05:28:41	2022-08-09 05:29:02	tri03745	NCT04324606	ClinicalTrials.gov	A Study of a Candidate COVID-19 Vaccine (COV001)	https://clinicaltrials.gov/show/NCT04324606	NCT04324606; EUCTR2020-001072-15; ISRCTN15281137	2021-10-01	FALSE	FALSE	FALSE	FALSE	TRUE	TRUE		NULL		This is a very complicated registration with multple sub-groups that won't be included in our main analysis anyway (it completes in 2023) so simplifying it to basically just &quot;OX-AZ vaccine&quot; and an &quot;Other&quot; control (MenACWY vaccine) which is what &quot;Group 5&quot; is essentially getting (and what the other groups boil down to if you collapse different administration and dosing schedules)
1543	2022-08-09 05:29:11	2022-08-09 05:29:45	tri05447	NCT04450004	ClinicalTrials.gov	Safety, Tolerability and Immunogenicinity of a Coronavirus-Like Particle COVID-19 Vaccine in Adults Aged 18-55 Years.	https://clinicaltrials.gov/show/NCT04450004	NCT04450004	2021-09-01	FALSE	FALSE	FALSE	FALSE	FALSE	TRUE		NULL		Vax and Vax plus each adjuvant at each dose are all unique arms by our method.
1544	2022-08-09 05:29:54	2022-08-09 05:30:06	tri05492	NCT04453852	ClinicalTrials.gov	Monovalent Recombinant COVID19 Vaccine	https://clinicaltrials.gov/show/NCT04453852	NCT04453852	2021-02-01	FALSE	FALSE	FALSE	FALSE	FALSE	TRUE		NULL		NULL
1551	2022-08-09 05:30:30	2022-08-09 05:30:37	tri05649	NCT04470427	ClinicalTrials.gov	A Study to Evaluate Efficacy, Safety, and Immunogenicity of mRNA-1273 Vaccine in Adults Aged 18 Years and Older to Prevent COVID-19	https://clinicaltrials.gov/show/NCT04470427	NCT04470427	2022-10-01	FALSE	FALSE	FALSE	FALSE	FALSE	TRUE		NULL		NULL
1523	2022-08-09 05:30:53	2022-08-09 05:31:12	tri04902	CTRI/2020/08/027170	CTRI	Study to check the safety and immune response of a COVID-19 vaccine in healthy Indian adults.	http://www.ctri.nic.in/Clinicaltrials/pmaindet2.php?trialid=46186	CTRI/2020/08/027170	2021-06-01	FALSE	FALSE	FALSE	FALSE	FALSE	TRUE		ChAdOx1 nCoV-19 (Vaxzevria)		OX-AZ vaccine is a comparator (treated here as a SoC) as is Placebo.
1667	2022-08-09 05:31:24	2022-08-09 05:31:35	tri07109	NCT04652102	ClinicalTrials.gov	A Study to Determine the Safety and Efficacy of SARS-CoV-2 mRNA Vaccine CVnCoV in Adults for COVID-19	https://clinicaltrials.gov/show/NCT04652102	EUCTR2020-003998-22; NCT04652102	2021-04-01	TRUE	TRUE	FALSE	TRUE	FALSE	TRUE		NULL		Extracted the Phase 3 part of the trial
1817	2022-08-09 05:31:42	2022-08-09 05:31:56	tri10121	NCT04674189	ClinicalTrials.gov	A Study to Evaluate the Safety and Immunogenicity of Vaccine CVnCoV in Healthy Adults in Germany for COVID-19	https://clinicaltrials.gov/show/NCT04674189	NCT04674189	2022-06-01	TRUE	TRUE	FALSE	FALSE		TRUE		NULL		Combined arms for different lots as don't appear to be any different
1088	2022-08-09 05:33:04	2022-08-09 05:33:12	tri06561	NCT04587219	ClinicalTrials.gov	The Study of 'Gam-COVID-Vac' Vaccine Against COVID-19 With the Participation of Volunteers of 60 y.o and Older	https://clinicaltrials.gov/show/NCT04587219	NCT04587219	2021-03-01	FALSE	FALSE	FALSE	FALSE	TRUE	TRUE		NULL		NULL
1587	2022-08-09 05:33:18	2022-08-09 05:33:26	tri06159	NCT04530396	ClinicalTrials.gov	Clinical Trial of Efficacy, Safety, and Immunogenicity of Gam-COVID-Vac Vaccine Against COVID-19	https://clinicaltrials.gov/show/NCT04530396	NCT04530396	2021-05-01	FALSE	FALSE	FALSE	FALSE	FALSE	TRUE		NULL		NULL
1753	2022-08-09 05:33:36	2022-08-09 05:33:46	tri08473	NCT04791423	ClinicalTrials.gov	Study of GRAd-COV2 for the Prevention of COVID-19 in Adults	https://clinicaltrials.gov/show/NCT04791423	NCT04791423	2021-10-01	FALSE	FALSE	FALSE	FALSE		TRUE		NULL		NULL
1244	2022-08-09 05:33:59	2022-08-09 05:34:18	tri02619	NCT04412538	ClinicalTrials.gov	Safety and Immunogenicity Study of an Inactivated SARS-CoV-2 Vaccine for Preventing Against COVID-19	https://clinicaltrials.gov/show/NCT04412538	NCT04412538	2020-09-01	FALSE	FALSE	FALSE	FALSE	TRUE	TRUE		NULL		Collapsed different schedules (14/28 days) into 3 arms for each dose.
303	2022-08-09 05:34:35	2022-08-09 05:34:48	tri05654	NCT04470609	ClinicalTrials.gov	Safety and Immunogenicity Study of an Inactivated SARS-CoV-2 Vaccine for Preventing Against COVID-19 in People Aged ?60 Years	https://clinicaltrials.gov/show/NCT04470609	NCT04470609	2020-11-01	FALSE	FALSE	FALSE	FALSE	TRUE	TRUE		NULL		NULL
1734	2022-08-23 14:09:36	2022-08-23 14:10:01	tri08139	ChiCTR2100041705	ChiCTR	A randomized, controlled trial for the safety and immunogenicity of novel coronavirus pneumonia (COVID-19) inactivated vaccine in airline ground staff	http://www.chictr.org.cn/showprojen.aspx?proj=66407	ChiCTR2100041705	2021-03-01	FALSE	FALSE	FALSE	FALSE		TRUE		NULL		Three different arms are all different schedules so collapsed into 1 unique intervention
1735	2022-08-23 14:10:15	2022-08-23 14:10:22	tri08140	ChiCTR2100041704	ChiCTR	A multicenter, randomized controlled trial for the safety and immunogenicity of novel coronavirus pneumonia (COVID-19) inactivated vaccine in medical and health services personnel	http://www.chictr.org.cn/showprojen.aspx?proj=66464	ChiCTR2100041704	2021-03-01	FALSE	FALSE	FALSE	FALSE		TRUE		NULL		Three different arms are all different schedules so collapsed into 1 unique intervention
1814	2022-08-23 14:10:58	2022-09-06 04:53:31	tri10070	TCTR20210308003	TCTR	Safety and Immunogenicity of inactivated COVID-19 vaccine and virus vector vaccine in Thai adults	www.thaiclinicaltrials.org/show/TCTR20210308003	TCTR20210308003	2021-08-01	FALSE	FALSE	FALSE	FALSE		TRUE		NULL		NULL
1733	2022-08-23 14:11:33	2022-08-23 14:11:42	tri08138	ChiCTR2100041706	ChiCTR	Safety and immunogenicity of New Coronavirus vaccine (COVID-19) inactivated by safety personnel: a randomized controlled trial	http://www.chictr.org.cn/showprojen.aspx?proj=66405	ChiCTR2100041706	2021-03-01	FALSE	FALSE	FALSE	FALSE		TRUE		NULL		Just different spacings of doses. Collapsed into 1 arm.
1298	2022-08-23 14:11:52	2022-08-23 14:12:11	tri01125	NCT04352608	ClinicalTrials.gov	Safety and Immunogenicity Study of Inactivated Vaccine for Prophylaxis of SARS CoV-2 Infection (COVID-19)	https://clinicaltrials.gov/show/NCT04352608	NCT04352608	2020-07-01	FALSE	FALSE	FALSE	FALSE	TRUE	TRUE		NULL		Different schedules but basically high dose, medium dose, placebo.
1831	2022-08-23 14:12:23	2022-08-23 14:12:43	tri07899	NCT04756323	ClinicalTrials.gov	A Study to Evaluate Safety and Immunogenicity of Inactivated SARS-CoV-2 Vaccine (Vero Cells) in Healthy Population Aged 18 Years and Above(COVID-19)	https://clinicaltrials.gov/show/NCT04756323	NCT04756323	2021-06-01	FALSE	FALSE	FALSE	FALSE		TRUE		NULL		Medium dose, high dose, placebo at different schedules.
1431	2022-08-23 14:12:55	2022-08-23 14:13:12	tri02564	NCT04336410	ClinicalTrials.gov	Safety, Tolerability and Immunogenicity of INO-4800 for COVID-19 in Healthy Volunteers	https://clinicaltrials.gov/show/NCT04336410	NCT04336410	2022-01-01	FALSE	FALSE	FALSE	FALSE	FALSE	TRUE		Electroporation device		Added electorporation device as a standard of care so this could be clearly recorded as a COVID vaccine trial
1508	2022-08-23 14:13:22	2022-08-23 14:13:34	tri04425	PACTR202009726132275	PACTR	A Study Looking at the Safety and Effectiveness of a COVID-19 Vaccine Plus Adjuvant in South African Adults	https://pactr.samrc.ac.za/TrialDisplay.aspx?TrialID=12319	PACTR202009726132275	2020-09-01	FALSE	FALSE	FALSE	FALSE	FALSE	TRUE		NULL		NULL
1480	2022-08-23 14:13:45	2022-08-23 14:13:58	tri03422	NCT04405076	ClinicalTrials.gov	Dose-Confirmation Study to Evaluate the Safety, Reactogenicity, and Immunogenicity of mRNA-1273 COVID-19 Vaccine in Adults Aged 18 Years and Older	https://clinicaltrials.gov/show/NCT04405076	NCT04405076	2021-10-01	FALSE	FALSE	FALSE	FALSE	FALSE	TRUE		NULL		Ignoring the booster part of the trial in this extraction (Part C)
1063	2022-08-23 14:14:11	2022-08-23 14:14:27	tri06955	NCT04466085	ClinicalTrials.gov	Clinical Study of Recombinant Novel Coronavirus Vaccine	https://clinicaltrials.gov/show/NCT04466085	NCT04466085	2020-10-01	FALSE	FALSE	FALSE	FALSE	TRUE	TRUE		NULL		abstracted to 2-dose, 3-dose and placebo
1483	2022-08-23 14:14:38	2022-08-23 14:15:26	tri03425	NCT04405908	ClinicalTrials.gov	SCB-2019 as COVID-19 Vaccine	https://clinicaltrials.gov/show/NCT04405908	NCT04405908	2020-10-01	FALSE	FALSE	FALSE	FALSE	FALSE	TRUE		NULL		Abstracted to 9 arms, 3 doses, each alone and 2 arms with diff adjuvants. Plus placebo. Collapsing age and seropositivity status for our purposes and ignoring expansion phases and adjuvant dose modification.
1739	2022-08-23 14:15:45	2022-08-23 14:15:55	tri08279	NCT04695652	ClinicalTrials.gov	A Study to Evaluate MVC-COV1901 Vaccine Against COVID-19 in Adult	https://clinicaltrials.gov/show/NCT04695652	NCT04695652	2021-06-01	FALSE	FALSE	FALSE	FALSE		TRUE		NULL		NULL
357	2022-08-23 14:16:05	2022-08-23 14:16:14	tri04160	ChiCTR2000039000	ChiCTR	A Phase III clinical trial for inactivated novel coronavirus pneumonia (COVID-19) vaccine (Vero cells)	http://www.chictr.org.cn/showprojen.aspx?proj=62581	ChiCTR2000039000	2020-12-01	FALSE	FALSE	FALSE	FALSE	TRUE	TRUE		NULL		NULL
503	2022-08-23 14:16:22	2022-08-23 14:16:35	tri06727	NCT04612972	ClinicalTrials.gov	Efficacy, Safety and Immunogenicity of Inactivated SARS-CoV-2 Vaccines (Vero Cell) to Prevent COVID-19 in Healthy Adult Population In Peru Healthy Adult Population In Peru	https://clinicaltrials.gov/show/NCT04612972	NCT04612972	2021-02-01	FALSE	FALSE	FALSE	FALSE	TRUE	TRUE		NULL		NULL
1356	2022-08-23 14:17:13	2022-08-23 14:17:21	tri00712	ChiCTR2000030750	ChiCTR	A clinical study for effectiveness and safety evaluation for recombinant chimeric COVID-19 epitope DC vaccine in the treatment of novel coronavirus pneumonia	http://www.chictr.org.cn/showprojen.aspx?proj=50928	ChiCTR2000030750	2021-02-01	FALSE	FALSE	FALSE	FALSE	FALSE	TRUE		NULL		NULL
1651	2022-08-23 14:17:29	2022-08-23 14:17:46	tri06892	NCT04640402	ClinicalTrials.gov	A Phase ? Clinical Trial of Recombinant Corona Virus Disease-19 (COVID-19) Vaccine (Sf9 Cells)	https://clinicaltrials.gov/show/NCT04640402	NCT04640402	2021-02-01	FALSE	FALSE	FALSE	FALSE	FALSE	TRUE		NULL		abstracting to low dose, high dose, and placebo for our purposes
1812	2022-08-23 14:17:56	2022-08-23 14:18:03	tri10017	PACTR202104601572565	PACTR	SPUTNIK-LIGHT.  COVID-19	https://pactr.samrc.ac.za/TrialDisplay.aspx?TrialID=15817	PACTR202104601572565	2021-01-01	FALSE	FALSE	FALSE	FALSE		TRUE		NULL		NULL
1795	2022-08-23 14:18:12	2022-08-23 14:18:23	tri09595	NCT04773067	ClinicalTrials.gov	A Study to Evaluate UB-612 COVID-19 Vaccine in Adolescent, Younger and Elderly Adult Volunteers	https://clinicaltrials.gov/show/NCT04773067	NCT04773067	2021-06-01	FALSE	FALSE	FALSE	FALSE		TRUE		NULL		NULL
1610	2022-08-23 14:40:43	2022-08-23 14:40:54	tri06533	NCT04582344	ClinicalTrials.gov	Clinical Trial For SARS-CoV-2 Vaccine (COVID-19)	https://clinicaltrials.gov/show/NCT04582344	NCT04582344	2021-02-01	FALSE	FALSE	FALSE	FALSE	FALSE	TRUE		NULL		NULL
259	2022-08-30 05:28:16	2022-08-30 05:28:29	tri02364	NCT04397692	ClinicalTrials.gov	Inhaled NO for the Treatment of COVID-19 Caused by SARS-CoV-2 (US Trial)	https://clinicaltrials.gov/show/NCT04397692	NCT04397692	2020-09-01	FALSE	FALSE	FALSE	FALSE	TRUE	TRUE		NULL		NULL
722	2022-08-30 05:52:23	2022-08-30 05:53:01	tri01246	ChiCTR2000032573	ChiCTR	A randomized, double-blind, controlled trial for Bufei Huoxue Capsule in the treatment of convalescent COVID-19 patients	http://www.chictr.org.cn/showprojen.aspx?proj=53225	ChiCTR2000032573	2021-05-01	FALSE	FALSE	FALSE	FALSE	FALSE	TRUE		NULL		NULL
1106	2022-08-30 07:02:49	2022-08-30 07:03:09	tri06332	NCT04551898	ClinicalTrials.gov	Severe Acute Respiratory Syndrome Coronavirus 2 (SARS-CoV-2) Neutralizing Antibody BGB-DXP593 in Participants With Mild-to-Moderate Coronavirus Disease 2019 (COVID-19)	https://clinicaltrials.gov/show/NCT04551898	NCT04551898	2021-01-01	FALSE	FALSE	FALSE	FALSE	TRUE	TRUE		NULL		Three doses.
1055	2022-08-30 07:03:21	2022-08-30 07:03:32	tri06655	NCT04602000	ClinicalTrials.gov	To Evaluate the Safety and Efficacy of CT-P59 in Patients With Mild to Moderate Syptoms of Severe Acute Respiratory Syndrome COVID-19	https://clinicaltrials.gov/show/NCT04602000	EUCTR2020-003369-20; PER-105-20; NCT04602000	2020-12-01	FALSE	FALSE	FALSE	FALSE	TRUE	TRUE		NULL		Focused on 2nd part of trial.
916	2022-08-30 07:03:43	2022-08-30 07:03:54	tri00601	ChiCTR2000030028	ChiCTR	Clinical comparative study of PD-1 mAb in the treatment of severe and critical patients with novel coronavirus pneumonia (COVID-19)	http://www.chictr.org.cn/showprojen.aspx?proj=49840	ChiCTR2000030028	2020-08-01	FALSE	FALSE	FALSE	FALSE	TRUE	TRUE		NULL		NULL
1583	2022-08-30 07:04:02	2022-08-30 07:04:15	tri06128	NCT04526912	ClinicalTrials.gov	Treatment and Prevention of Acute Lung Injury (ALI) in Patients With COVID-19 Infection	https://clinicaltrials.gov/show/NCT04526912	NCT04526912	2021-03-01	FALSE	FALSE	FALSE	FALSE	FALSE	TRUE		NULL		VIB7734 is monoclonal antibody
1609	2022-08-30 07:04:25	2022-08-30 07:04:58	tri06531	NCT04582318	ClinicalTrials.gov	A Phase 1/2 Study to Assess the Safety, Tolerability and Pharmacokinetics of NGM621 in Healthy Subjects, and to Assess the Safety, PK and Efficacy in Subjects With Moderate to Severe ARDS Caused by COVID-19	https://clinicaltrials.gov/show/NCT04582318	NCT04582318	2021-06-01	FALSE	FALSE	FALSE	FALSE	FALSE	TRUE		NULL		Only part 1 of the study happened per registry entry. Two different doses and placebo.
1390	2022-09-01 04:45:38	2022-09-01 04:45:58	tri01598	ChiCTR2000029605	ChiCTR	A randomized, open-label, blank-controlled, multicenter trial for Shuang-Huang-Lian oral solution in the treatment of ovel coronavirus pneumonia (COVID-19)	http://www.chictr.org.cn/showprojen.aspx?proj=49051	ChiCTR2000029605	2021-02-01	FALSE	FALSE	FALSE	FALSE	FALSE	TRUE		NULL		3 dose arms and soc
1392	2022-09-01 04:46:09	2022-09-01 04:46:19	tri01788	CTRI/2020/05/025156	CTRI	Effect of Ayurveda intervention AYUSH-64 add-on therapy for patients with COVID-19 infection (Stage I)	http://www.ctri.nic.in/Clinicaltrials/pmaindet2.php?trialid=43590	CTRI/2020/05/025156	2020-11-01	FALSE	FALSE	FALSE	FALSE	FALSE	TRUE		NULL		NULL
1532	2022-09-01 04:46:28	2022-09-01 04:46:38	tri05083	CTRI/2020/10/028364	CTRI	A clinical trial to evaluate the effectiveness and safety of Vedicinals-9-a Herbal Formulation in Mild to Moderate COVID-19 Patients.	http://www.ctri.nic.in/Clinicaltrials/pmaindet2.php?trialid=48152	CTRI/2020/10/028364	2021-04-01	FALSE	FALSE	FALSE	FALSE	FALSE	TRUE		NULL		NULL
1531	2022-09-01 04:47:02	2022-09-01 04:47:11	tri05076	CTRI/2020/10/028333	CTRI	Prospective on evaluation of use of , Ã¢??AyurCoro3Ã¢?? as an add on medication  for the treatment purpose in COVID-19 patients	http://www.ctri.nic.in/Clinicaltrials/pmaindet2.php?trialid=48137	CTRI/2020/10/028333	2021-02-01	FALSE	FALSE	FALSE	FALSE	FALSE	TRUE		NULL		NULL
1528	2022-09-01 04:47:20	2022-09-01 04:47:31	tri05017	CTRI/2020/09/027914	CTRI	Evaluation of efficacy of Fixed Ayurvedic Regimen of Giloy Ki Ghan Vati,Tulsi Tablets,Kalmegh Tablets and Dabur Chyawanprash in COVID-19	http://www.ctri.nic.in/Clinicaltrials/pmaindet2.php?trialid=47442	CTRI/2020/09/027914	2021-01-01	FALSE	FALSE	FALSE	FALSE	FALSE	TRUE		NULL		Combo of 4 different traditional medicines were used in the intervention arm: Dabur chyawanprash; Giloy ki Ghanvati; Kalmegh Tablets; Tulsi tablets. It's only a 2-arm study.
1525	2022-09-01 06:57:02	2022-09-01 06:59:03	tri04931	CTRI/2020/08/027286	CTRI	Effectiveness of Siddha Medicines Kabasura Kudineer and Nilavembu Kudineer in the Management of Smptomatic COVID 19 patients	http://www.ctri.nic.in/Clinicaltrials/pmaindet2.php?trialid=46511	CTRI/2020/08/027286	2020-12-01	FALSE	FALSE	FALSE	FALSE	FALSE	TRUE		NULL		Additional detail in protocol: https://trialsjournal.biomedcentral.com/articles/10.1186/s13063-021-05041-x
1524	2022-09-01 06:59:13	2022-09-01 06:59:23	tri04912	CTRI/2020/08/027224	CTRI	To observe the effect of Ayurvedic medicine (Ashwagandha and Shunti) for the treatment of COVID-19	http://www.ctri.nic.in/Clinicaltrials/pmaindet2.php?trialid=46608	CTRI/2020/08/027224	2021-02-01	FALSE	FALSE	FALSE	FALSE	FALSE	TRUE		NULL		NULL
1520	2022-09-01 06:59:32	2022-09-01 06:59:40	tri04818	CTRI/2020/07/026793	CTRI	Panchgavya Therapy in prophylaxis and as an adjuvant therapy in management of Covid 19.	http://www.ctri.nic.in/Clinicaltrials/pmaindet2.php?trialid=45721	CTRI/2020/07/026793	2020-12-01	FALSE	FALSE	FALSE	FALSE	FALSE	TRUE		NULL		NULL
732	2022-09-01 06:59:50	2022-09-01 07:03:13	tri05179	CTRI/2020/11/029038	CTRI	Can combination of Haldi, Pomegranate and Zinger extract tablets help in reducing duration of hospital stay of mild to moderate COVID-19 patients.	http://www.ctri.nic.in/Clinicaltrials/pmaindet2.php?trialid=48233	CTRI/2020/11/029038	2021-04-01	FALSE	FALSE	FALSE	FALSE	FALSE	TRUE		Azithromycin;Hydroxychloroquine;Low molecular weight heparin (LMWH);Methylprednisolone;Paracetamol;Vitamin C;Zinc		NULL
849	2022-09-01 07:03:25	2022-09-01 07:03:37	tri04422	PACTR202007611764617	PACTR	Lagos COVID-19 Black Seed Oil Trial (LACBSOT)	https://pactr.samrc.ac.za/TrialDisplay.aspx?TrialID=12192	PACTR202007611764617	2020-10-01	FALSE	FALSE	FALSE	FALSE	FALSE	TRUE		Lopinavir;Ritonavir		NULL
41	2022-09-01 07:03:48	2022-09-01 07:05:10	tri00242	ChiCTR2000030218	ChiCTR	Study of Pinavir / Ritonavir Tablets (Trade Name: Kelizhi) Combined with Xiyanping Injection for Novel Coronavirus Pneumonia (COVID-19)	http://www.chictr.org.cn/showprojen.aspx?proj=50115	ChiCTR2000030218	2020-06-01	FALSE	FALSE	FALSE	FALSE	TRUE	TRUE		Lopinavir;Ritonavir		NULL
312	2022-09-01 07:05:20	2022-09-01 07:05:45	tri05950	NCT04501965	ClinicalTrials.gov	Phytomedicines Versus Hydroxychloroquine as an Add on Therapy to Azythromycin in Asymptomatic Covid-19 Patients	https://clinicaltrials.gov/show/NCT04501965	NCT04501965	2020-08-01	FALSE	FALSE	FALSE	FALSE	TRUE	TRUE		Azithromycin		NULL
1640	2022-09-01 08:02:41	2022-09-01 08:02:58	tri06817	NCT04627584	ClinicalTrials.gov	A Phase 2 Clinical Trial of MW33 Injection in Patients With COVID-19	https://clinicaltrials.gov/show/NCT04627584	NCT04627584	2021-05-01	FALSE	FALSE	FALSE	FALSE	FALSE	TRUE		NULL		MW33 is a monoclonal antibody
1086	2022-09-01 08:03:15	2022-09-01 08:03:24	tri02518	NCT04409509	ClinicalTrials.gov	Treatment With CSL312 in Adults With Coronavirus Disease 2019 (COVID-19)	https://clinicaltrials.gov/show/NCT04409509	NCT04409509	2021-01-01	FALSE	FALSE	FALSE	FALSE	TRUE	TRUE		NULL		NULL
1796	2022-09-05 03:29:02	2022-09-05 03:29:22	tri09601	NCT04794400	ClinicalTrials.gov	The Application of a Mask in Patients With Severe Covid-19 Already Treated With High-flow Nasal Cannula.	https://clinicaltrials.gov/show/NCT04794400	NCT04794400	2021-03-01	FALSE	FALSE	FALSE	FALSE		TRUE		High flow nasal cannula		NULL
1391	2022-09-05 05:30:12	2022-09-05 05:30:36	tri01687	IRCT20140407017169N2	IRCT	Effect of natural from Tahini oil product on corona	http://en.irct.ir/trial/47295	IRCT20140407017169N2	2020-08-01	FALSE	FALSE	FALSE	FALSE	FALSE	TRUE		Azithromycin;Chloroquine;Naproxen		NULL
1512	2022-09-05 05:30:46	2022-09-05 05:30:56	tri04506	CTRI/2020/05/025214	CTRI	To observe the effect of Ayurvedic medicine for the treatment of COVID-19	http://www.ctri.nic.in/Clinicaltrials/pmaindet2.php?trialid=43727	CTRI/2020/05/025214	2020-08-01	FALSE	FALSE	FALSE	FALSE	FALSE	TRUE		NULL		NULL
1513	2022-09-05 05:31:02	2022-09-05 05:31:11	tri04570	CTRI/2020/05/025429	CTRI	effect of Ashwagandha (Withania somnifera) as a prophylactic measure among high risk population (Health Care Workers/Containment Zone Population) exposed to COVID-19	http://www.ctri.nic.in/Clinicaltrials/pmaindet2.php?trialid=44058	CTRI/2020/05/025429	2020-06-01	FALSE	FALSE	FALSE	FALSE	FALSE	TRUE		NULL		NULL
1511	2022-09-05 05:31:20	2022-09-05 05:31:29	tri04431	PACTR202010690466874	PACTR	KNUST COVID-19 CLINICAL TRIAL	https://pactr.samrc.ac.za/TrialDisplay.aspx?TrialID=13403	PACTR202010690466874	2021-01-01	FALSE	FALSE	FALSE	FALSE	FALSE	TRUE		NULL		NULL
1034	2022-09-06 03:42:32	2022-09-06 03:43:19	tri05604	NCT04466280	ClinicalTrials.gov	Efficacy and Safety of Mucoadhesive Sustained Release, Mucodentol, in Comparison With Hydroxychloroquine to Prevent COVID-19	https://clinicaltrials.gov/show/NCT04466280	NCT04466280	2020-11-01	FALSE	FALSE	FALSE	FALSE	TRUE	TRUE		Personal protective equipment (PPE)		NULL
87	2022-09-06 04:29:25	2022-09-06 04:30:18	tri02209	ChiCTR2000033286	ChiCTR	A Randomized, Double-blind, Placebo-controlled trial for determination of the Efficacy and Safety of Baicalein in Hospitalized Adult  Mild and Moderate Patients of novel coronavirus pneumonia (COVID-19)	http://www.chictr.org.cn/showprojen.aspx?proj=54176	ChiCTR2000033286	2020-03-01	FALSE	FALSE	FALSE	FALSE	TRUE	TRUE		NULL		NULL
1349	2022-09-06 04:29:29	2022-09-06 04:30:09	tri00549	NCT04308317	ClinicalTrials.gov	Tetrandrine Tablets Used in the Treatment of COVID-19	https://clinicaltrials.gov/show/NCT04308317	NCT04308317	2021-03-01	FALSE	FALSE	FALSE	FALSE	FALSE	TRUE		NULL		NULL
1382	2022-09-06 04:29:35	2022-09-06 04:29:55	tri01391	ChiCTR2000032717	ChiCTR	Efficacy and safety of high-dose vitamin C combined with traditional Chinese medicine in the treatment of moderate and severe novel coronavirus pneumonia (COVID-19)	http://www.chictr.org.cn/showprojen.aspx?proj=53322	ChiCTR2000032717	2021-01-01	FALSE	FALSE	FALSE	FALSE	FALSE	TRUE		NULL		NULL
308	2022-09-06 04:42:07	2022-09-06 04:42:18	tri05825	NCT04487964	ClinicalTrials.gov	Complementary Intervention for COVID-19	https://clinicaltrials.gov/show/NCT04487964	NCT04487964	2020-12-01	FALSE	FALSE	FALSE	FALSE	TRUE	TRUE		NULL		NULL
953	2022-09-06 05:05:38	2022-09-06 05:05:50	tri01101	NCT04334265	ClinicalTrials.gov	Efficacy and Safety of Anluohuaxian in the Treatment of Rehabilitation Patients With Corona Virus Disease 2019	https://clinicaltrials.gov/show/NCT04334265	NCT04334265	2020-06-01	FALSE	FALSE	FALSE	FALSE	TRUE	TRUE		NULL		NULL
220	2022-09-13 08:13:35	2022-09-13 08:13:52	tri03365	NCT04371822	ClinicalTrials.gov	Efficacy of Sunlight Activated Synthetic Porphyrin in COVID-19 Infected Patients	https://clinicaltrials.gov/show/NCT04371822	NCT04371822	2020-10-01	FALSE	FALSE	FALSE	FALSE	TRUE	TRUE		NULL		NULL
446	2022-09-13 08:14:08	2022-09-13 08:15:04	tri01123	NCT04351724	ClinicalTrials.gov	Austrian CoronaVirus Adaptive Clinical Trial (COVID-19)	https://clinicaltrials.gov/show/NCT04351724	NCT04351724; EUCTR2020-001302-30	2021-12-01	FALSE	FALSE	FALSE	FALSE	TRUE	FALSE		NULL		NULL
560	2022-09-13 08:15:14	2022-09-13 08:15:23	tri04441	RPCEC00000334	RPCEC	Biomodulin T in older adult for protection in events of local transmission of COVID-19	https://rpcec.sld.cu/en/trials/RPCEC00000334-En	RPCEC00000334	2020-12-01	FALSE	FALSE	FALSE	FALSE	TRUE	TRUE		NULL		NULL
561	2022-09-13 08:15:25	2022-09-13 08:15:30	tri04442	RPCEC00000335	RPCEC	BIOMODULINA T in a long-lived population at high risk of COVID-19 infection	https://rpcec.sld.cu/en/trials/RPCEC00000335-En	RPCEC00000335	2020-12-01	FALSE	FALSE	FALSE	FALSE	TRUE	TRUE		NULL		NULL
306	2022-09-26 02:50:44	2022-09-26 02:52:17	tri05744	NCT04479202	ClinicalTrials.gov	The Effect of Berberine on Intestinal Function and Inflammatory Mediators in Severe Patients With Covid-19	https://clinicaltrials.gov/show/NCT04479202		2020-04-01	FALSE	FALSE	FALSE	FALSE	TRUE	TRUE				The Montmorrillonite powder for diarrhea isn't really relevant here.
1503	2022-09-27 07:31:25	2022-09-27 07:31:35	tri04272	DRKS00022484	German Clinical Trials Register	Clinical pilot study on the effects of a hydrogen peroxide mouthrinse on the intraoral viral load of SARS-CoV-2 (COVID-19)	http://www.drks.de/DRKS00022484	DRKS00022484	2020-07-01	FALSE	TRUE	TRUE	FALSE	FALSE	TRUE		NULL		NULL
435	2022-09-27 07:31:46	2022-09-27 07:32:00	tri01021	NCT04352959	ClinicalTrials.gov	COVID-19: Nasal and Salivary Detection of the SARS-CoV-2 Virus After Antiviral Mouthrinses	https://clinicaltrials.gov/show/NCT04352959	NCT04352959	2020-12-01	FALSE	FALSE	FALSE	FALSE	TRUE	TRUE		NULL		NULL
1830	2022-09-28 05:40:53	2022-09-28 05:41:09	tri07893	NCT04715854	ClinicalTrials.gov	Effect on paO2 of Adding an Aerosol Mask Above the Nasal Canulas	https://clinicaltrials.gov/show/NCT04715854	NCT04715854	2021-04-01	FALSE	FALSE	FALSE	FALSE		TRUE		Low flow nasal cannula		NULL
1338	2022-09-28 05:52:48	2022-09-28 05:53:05	tri00205	ChiCTR2000030418	ChiCTR	Application of rehabilitation lung exercise eight-segment exercise in patients with novel coronavirus pneumonia (COVID-19)	http://www.chictr.org.cn/showprojen.aspx?proj=50341	ChiCTR2000030418	2021-03-01	FALSE	FALSE	FALSE	FALSE	FALSE	TRUE		NULL		&quot;The Eight-Segment Pulmonary Rehabilitation Exercise is based on a combination of selected routines from Health Qigong (HQG), part of traditional Chinese medicine, together with exercise training of pulmonary rehabilitation and proprioceptive neuromuscular facilitation (PNF), techniques belonging to Western medicine.&quot; -> Since is traditional and western, just going to categorize this a general pulmonary rehab.\n\nhttps://www.ncbi.nlm.nih.gov/pmc/articles/PMC7273974/
1630	2022-09-28 09:39:10	2022-09-28 09:39:23	tri06758	NCT04617119	ClinicalTrials.gov	The Effects of Multi-modality Physiotherapy in Delaying or Preventing COVID-19 Patient From Admitting to ICU	https://clinicaltrials.gov/show/NCT04617119	NCT04617119	2021-02-01	FALSE	FALSE	FALSE	FALSE	FALSE	TRUE		Physical therapy		NULL
1302	2022-09-28 10:15:54	2022-09-28 10:16:03	tri01363	NCT04369274	ClinicalTrials.gov	Repeated Measures Trial of Temporary Automated Manual Ventilation Versus Noninvasive Oxygenation or Conventional Vent	https://clinicaltrials.gov/show/NCT04369274	NCT04369274	2021-11-01	FALSE	FALSE	FALSE	FALSE	TRUE	FALSE		NULL		NULL
1238	2022-09-28 10:31:05	2022-09-28 10:31:29	tri02598	NCT04392414	ClinicalTrials.gov	Hyperimmune Convalescent Plasma in Moderate and Severe COVID-19 Disease	https://clinicaltrials.gov/show/NCT04392414	NCT04392414	2020-07-01	FALSE	FALSE	FALSE	FALSE	TRUE	TRUE		NULL		Placebo is standard plasma.
205	2022-10-04 09:33:14	2022-10-04 10:17:53	tri03336	NCT04359277	ClinicalTrials.gov	A Randomized Trial of Anticoagulation Strategies in COVID-19	https://clinicaltrials.gov/show/NCT04359277	NCT04359277	2020-09-01	FALSE	FALSE	FALSE	FALSE	TRUE	TRUE		Heparin (LMWH or Unfractionated)		This trial is a bit confusing and shifted over time. Basically I am calling the SOC control herparin at a prophylactic dose. Then there was a high dose heparin arm (so just more heparin plus SoC) then high dose + P2Y12 inhibitor, SOC + P2Y12 inhibitor, prophylactic dose + Crizanlizumab, and prophylactic dose + SGLT2 inhibitor
1579	2022-10-04 10:10:21	2022-10-04 10:10:31	tri06052	NCT04516915	ClinicalTrials.gov	IMU-838 and Oseltamivir in the Treatment of COVID-19	https://clinicaltrials.gov/show/NCT04516915	ISRCTN53038326; EUCTR2020-001805-21; NCT04516915	2021-05-01	FALSE	FALSE	FALSE	FALSE	FALSE	TRUE		Oseltamivir		NULL
1557	2022-10-04 10:42:04	2022-10-04 10:42:29	tri05702	NCT04475107	ClinicalTrials.gov	The Efficacy and Safety of Pyramax in Mild to Moderate COVID-19 Patients	https://clinicaltrials.gov/show/NCT04475107	NCT04475107	2021-03-01	FALSE	FALSE	FALSE	FALSE	FALSE	TRUE		NULL		NULL
1571	2022-10-04 10:51:36	2022-10-04 10:51:51	tri05992	NCT04508985	ClinicalTrials.gov	The McGill RAAS-COVID-19 Trial	https://clinicaltrials.gov/show/NCT04508985	NCT04508985	2021-01-01	FALSE	FALSE	FALSE	FALSE	FALSE	TRUE				Reversed &quot;treatment&quot; and &quot;control&quot; arms as experimental arm is actually not having treatment.
1537	2022-10-04 11:22:53	2022-10-04 11:23:01	tri05203	CTRI/2020/11/029166	CTRI	Curaneum 20 for Covid 19	http://www.ctri.nic.in/Clinicaltrials/pmaindet2.php?trialid=46785	CTRI/2020/11/029166	2021-05-01	FALSE	FALSE	FALSE	FALSE	FALSE	TRUE		NULL		NULL
1516	2022-10-04 11:23:28	2022-10-04 11:23:36	tri04647	CTRI/2020/06/025844	CTRI	Pre-Identified Homoeopathic Medicines In Asymptomatic Covid -19 Individuals Receiving Standard Treatment Protocol	http://www.ctri.nic.in/Clinicaltrials/pmaindet2.php?trialid=43760	CTRI/2020/06/025844	2020-10-01	FALSE	FALSE	FALSE	FALSE	FALSE	TRUE		NULL		NULL
1527	2022-10-05 03:25:24	2022-10-05 03:25:38	tri04991	CTRI/2020/09/027687	CTRI	Assessment of effect of steam inhalation, saline gargling and povidone Iodine gargling on reduction of symptoms and prevention of spread of COVID 19	http://www.ctri.nic.in/Clinicaltrials/pmaindet2.php?trialid=47280	CTRI/2020/09/027687	2020-10-01	FALSE	FALSE	FALSE	FALSE	FALSE	TRUE		NULL		NULL
966	2022-10-05 03:38:07	2022-10-05 03:38:21	tri03202	NCT04346446	ClinicalTrials.gov	Efficacy of Convalescent Plasma Therapy in Severely Sick COVID-19 Patients	https://clinicaltrials.gov/show/NCT04346446	NCT04346446; CTRI/2020/04/024706	2020-05-01	FALSE	FALSE	FALSE	FALSE	TRUE	TRUE		Corticosteroids (Unspecified);Hydroxychloroquine;Oseltamivir		Random donor plasma is basically acting like a placebo...it would not be expected to have an effect.\n\nThe use of high-flow oxygen, non-invasive and invasive ventilation will follow standard guidelines and will be recorded. The details of antiviral treatment including oral oseltamivir, hydroxychloroquine, and use of intravenous steroids will be recorded for all enrolled patients.
487	2022-10-05 03:47:27	2022-10-05 03:47:43	tri02073	NCT04392141	ClinicalTrials.gov	Colchicine Plus Phenolic Monoterpenes to Treat COVID-19	https://clinicaltrials.gov/show/NCT04392141		2020-11-01	FALSE	FALSE	FALSE	FALSE	TRUE	TRUE		NULL		NULL
1322	2022-10-05 09:51:21	2022-10-05 09:52:48	tri04394	IRCT20201012049010N1	IRCT	The effect of balloon-blowing on dyspnea and oxygenation in non-critical adult covid-19 patients.	http://en.irct.ir/trial/51591	IRCT20201012049010N1	2020-10-01	FALSE	FALSE	FALSE	FALSE	TRUE	TRUE		NULL		NULL
