referenceid	db_id	trialid	source_register	title	web_address	trns	completion_month	is_german_covidevidence	is_german_in_germany	is_german_drks	is_german_euctr	is_searched_cutoff_2	is_searched_cutoff_3	abstract	type	control_type	placebo_plus_soc	category	intervention	intervention_plus_soc
10	tri00074	ChiCTR2000029602	ChiCTR	Clinical study for community based prevention and control strategy of novel coronavirus pneumonia (COVID-19) in the isolate suspected and confirmed population	http://www.chictr.org.cn/showprojen.aspx?proj=48985	ChiCTR2000029602	2020-08-01	FALSE	FALSE	FALSE	FALSE	TRUE	TRUE		experimental	NULL	NULL	traditional_medicine	Traditional Medicine	undefined_soc
10	tri00074	ChiCTR2000029602	ChiCTR	Clinical study for community based prevention and control strategy of novel coronavirus pneumonia (COVID-19) in the isolate suspected and confirmed population	http://www.chictr.org.cn/showprojen.aspx?proj=48985	ChiCTR2000029602	2020-08-01	FALSE	FALSE	FALSE	FALSE	TRUE	TRUE		control	undefined_soc	NULL	NULL	NULL	NULL
9	tri00065	ChiCTR2000029636	ChiCTR	Efficacy and safety of aerosol inhalation of vMIP in the treatment of novel coronavirus pneumonia (COVID-19): a single arm clinical trial	http://www.chictr.org.cn/showprojen.aspx?proj=49215	ChiCTR2000029636	2020-07-01	FALSE	FALSE	FALSE	FALSE	TRUE	TRUE		experimental	NULL	NULL	biologics	Viral macrophage inflammatory protein	undefined_soc
11	tri00075	ChiCTR2000029601	ChiCTR	Community based prevention and control for Chinese medicine in the treatment of novel coronavirus pneumonia (COVID-19) in the isolate suspected and confirmed population	http://www.chictr.org.cn/showprojen.aspx?proj=48988	ChiCTR2000029601	2020-08-01	FALSE	FALSE	FALSE	FALSE	TRUE	TRUE		experimental	NULL	NULL	traditional_medicine	Traditional Medicine	undefined_soc
11	tri00075	ChiCTR2000029601	ChiCTR	Community based prevention and control for Chinese medicine in the treatment of novel coronavirus pneumonia (COVID-19) in the isolate suspected and confirmed population	http://www.chictr.org.cn/showprojen.aspx?proj=48988	ChiCTR2000029601	2020-08-01	FALSE	FALSE	FALSE	FALSE	TRUE	TRUE		control	undefined_soc	NULL	NULL	NULL	NULL
28	tri00142	ChiCTR2000030041	ChiCTR	A single-arm, single-center clinical trial for Azivudine tablets in the treatment of adult novel coronavirus pneumonia (COVID-19)	http://www.chictr.org.cn/showprojen.aspx?proj=49891	ChiCTR2000030041	2020-06-01	FALSE	FALSE	FALSE	FALSE	TRUE	TRUE		experimental	NULL	NULL	drug	Azivudine	no
40	tri00241	ChiCTR2000030219	ChiCTR	Study for evaluation of integrated traditional Chinese and Western Medicine in the treatment of Novel Coronavirus Pneumonia (COVID-19)	http://www.chictr.org.cn/showprojen.aspx?proj=50110		2020-12-01	FALSE	FALSE	FALSE	FALSE	TRUE	TRUE		experimental	NULL	NULL	traditional_medicine	Traditional Medicine	undefined_soc
92	tri02773	IRCT20200314046774N1	IRCT	treatment of COVID-19 whit vitamin A	http://en.irct.ir/trial/46519	IRCT20200314046774N1	2020-06-01	FALSE	FALSE	FALSE	FALSE	TRUE	TRUE		experimental	NULL	NULL	drug	Vitamin A	no
92	tri02773	IRCT20200314046774N1	IRCT	treatment of COVID-19 whit vitamin A	http://en.irct.ir/trial/46519	IRCT20200314046774N1	2020-06-01	FALSE	FALSE	FALSE	FALSE	TRUE	TRUE		control	placebo	no	NULL	NULL	NULL
100	tri00884	JPRN-JapicCTI-205238	JPRN	Phase 3 Clinical Study of Favipiravir in Patients with COVID-19 Non-Severe Pneumonia	https://www.clinicaltrials.jp/user/showCteDetailE.jsp?japicId=JapicCTI-205238	JPRN-JapicCTI-205238	2020-10-01	FALSE	FALSE	FALSE	FALSE	TRUE	TRUE		experimental	NULL	NULL	drug	Favipiravir	no
100	tri00884	JPRN-JapicCTI-205238	JPRN	Phase 3 Clinical Study of Favipiravir in Patients with COVID-19 Non-Severe Pneumonia	https://www.clinicaltrials.jp/user/showCteDetailE.jsp?japicId=JapicCTI-205238	JPRN-JapicCTI-205238	2020-10-01	FALSE	FALSE	FALSE	FALSE	TRUE	TRUE		control	placebo	no	NULL	NULL	NULL
101	tri01658	IRCT20200409047007N1	IRCT	Effect of COVID 19 survivors plasma in COVID 19 patients with ARDS	http://en.irct.ir/trial/47058	IRCT20200409047007N1	2020-06-01	FALSE	FALSE	FALSE	FALSE	TRUE	TRUE		experimental	NULL	NULL	biologics	Convalescent Plasma	undefined_soc
101	tri01658	IRCT20200409047007N1	IRCT	Effect of COVID 19 survivors plasma in COVID 19 patients with ARDS	http://en.irct.ir/trial/47058	IRCT20200409047007N1	2020-06-01	FALSE	FALSE	FALSE	FALSE	TRUE	TRUE		control	undefined_soc	NULL	NULL	NULL	NULL
102	tri04042	ACTRN12620000817943	ANZCTR	A Phase 1/2 randomized, placebo-controlled, multi-centre study to evaluate the safety and immunogenicity of COVID-19 Vaccine in Healthy Adults	https://anzctr.org.au/ACTRN12620000817943.aspx	ACTRN12620000817943	2020-11-01	FALSE	FALSE	FALSE	FALSE	TRUE	TRUE		control	placebo	no	NULL	NULL	NULL
102	tri04042	ACTRN12620000817943	ANZCTR	A Phase 1/2 randomized, placebo-controlled, multi-centre study to evaluate the safety and immunogenicity of COVID-19 Vaccine in Healthy Adults	https://anzctr.org.au/ACTRN12620000817943.aspx	ACTRN12620000817943	2020-11-01	FALSE	FALSE	FALSE	FALSE	TRUE	TRUE		experimental	NULL	NULL	vaccine_covid	HBsAg VLP Vaccine	no
102	tri04042	ACTRN12620000817943	ANZCTR	A Phase 1/2 randomized, placebo-controlled, multi-centre study to evaluate the safety and immunogenicity of COVID-19 Vaccine in Healthy Adults	https://anzctr.org.au/ACTRN12620000817943.aspx	ACTRN12620000817943	2020-11-01	FALSE	FALSE	FALSE	FALSE	TRUE	TRUE		experimental	NULL	NULL	vaccine_covid	HBsAg VLP Vaccine	no
103	tri00820	ChiCTR2000031955	ChiCTR	Study for prevention of novel coronavirus pneumonia (COVID-19) in high risk population by Chinese medicine	http://www.chictr.org.cn/showprojen.aspx?proj=52364	ChiCTR2000031955	2020-12-01	FALSE	FALSE	FALSE	FALSE	TRUE	TRUE		control	undefined_soc	NULL	NULL	NULL	NULL
103	tri00820	ChiCTR2000031955	ChiCTR	Study for prevention of novel coronavirus pneumonia (COVID-19) in high risk population by Chinese medicine	http://www.chictr.org.cn/showprojen.aspx?proj=52364	ChiCTR2000031955	2020-12-01	FALSE	FALSE	FALSE	FALSE	TRUE	TRUE		experimental	NULL	NULL	traditional_medicine	Traditional Medicine	undefined_soc
103	tri00820	ChiCTR2000031955	ChiCTR	Study for prevention of novel coronavirus pneumonia (COVID-19) in high risk population by Chinese medicine	http://www.chictr.org.cn/showprojen.aspx?proj=52364	ChiCTR2000031955	2020-12-01	FALSE	FALSE	FALSE	FALSE	TRUE	TRUE		experimental	NULL	NULL	drug	Unspecified spray	undefined_soc
103	tri00820	ChiCTR2000031955	ChiCTR	Study for prevention of novel coronavirus pneumonia (COVID-19) in high risk population by Chinese medicine	http://www.chictr.org.cn/showprojen.aspx?proj=52364	ChiCTR2000031955	2020-12-01	FALSE	FALSE	FALSE	FALSE	TRUE	TRUE		experimental	NULL	NULL	traditional_medicine	Traditional Medicine	undefined_soc
108	tri04220	ISRCTN16842454	ISRCTN	Effectiveness and safety of plasma convalescent therapy in patients with COVID-19	http://www.isrctn.com/ISRCTN16842454	ISRCTN16842454	2020-12-01	FALSE	FALSE	FALSE	FALSE	TRUE	TRUE		experimental	NULL	NULL	biologics	Convalescent Plasma	undefined_soc
108	tri04220	ISRCTN16842454	ISRCTN	Effectiveness and safety of plasma convalescent therapy in patients with COVID-19	http://www.isrctn.com/ISRCTN16842454	ISRCTN16842454	2020-12-01	FALSE	FALSE	FALSE	FALSE	TRUE	TRUE		control	other_unknown	NULL	NULL	NULL	NULL
110	tri04396	IRCT20150825023753N17	IRCT	Evaluation of the effect of ghamz with needle on improvement of respiratory symptoms of COVID-19 patients admitted to hospital	http://en.irct.ir/trial/51709	IRCT20150825023753N17	2020-07-01	FALSE	FALSE	FALSE	FALSE	TRUE	TRUE		experimental	NULL	NULL	traditional_medicine	Traditional Medicine	undefined_soc
110	tri04396	IRCT20150825023753N17	IRCT	Evaluation of the effect of ghamz with needle on improvement of respiratory symptoms of COVID-19 patients admitted to hospital	http://en.irct.ir/trial/51709	IRCT20150825023753N17	2020-07-01	FALSE	FALSE	FALSE	FALSE	TRUE	TRUE		control	placebo	undefined_soc	NULL	NULL	NULL
171	tri00953	NCT04344756	ClinicalTrials.gov	Trial Evaluating Efficacy and Safety of Anticoagulation in Patients With COVID-19 Infection, Nested in the Corimmuno-19 Cohort	https://clinicaltrials.gov/show/NCT04344756	NCT04344756; EUCTR2020-001246-18	2020-07-01	FALSE	FALSE	FALSE	FALSE	TRUE	TRUE		experimental	NULL	NULL	drug	Tinzaparin;Unfractionated heparin	no
171	tri00953	NCT04344756	ClinicalTrials.gov	Trial Evaluating Efficacy and Safety of Anticoagulation in Patients With COVID-19 Infection, Nested in the Corimmuno-19 Cohort	https://clinicaltrials.gov/show/NCT04344756	NCT04344756; EUCTR2020-001246-18	2020-07-01	FALSE	FALSE	FALSE	FALSE	TRUE	TRUE		control	defined_soc	NULL	NULL	NULL	NULL
194	tri02335	NCT04354428	ClinicalTrials.gov	Treatment for COVID-19 in High-Risk Adult Outpatients	https://clinicaltrials.gov/show/NCT04354428	NCT04354428	2020-12-01	FALSE	FALSE	FALSE	FALSE	TRUE	TRUE		control	placebo	no	NULL	NULL	NULL
194	tri02335	NCT04354428	ClinicalTrials.gov	Treatment for COVID-19 in High-Risk Adult Outpatients	https://clinicaltrials.gov/show/NCT04354428	NCT04354428	2020-12-01	FALSE	FALSE	FALSE	FALSE	TRUE	TRUE		experimental	NULL	NULL	drug	Lopinavir;Ritonavir	no
194	tri02335	NCT04354428	ClinicalTrials.gov	Treatment for COVID-19 in High-Risk Adult Outpatients	https://clinicaltrials.gov/show/NCT04354428	NCT04354428	2020-12-01	FALSE	FALSE	FALSE	FALSE	TRUE	TRUE		experimental	NULL	NULL	drug	Hydroxychloroquine	no
194	tri02335	NCT04354428	ClinicalTrials.gov	Treatment for COVID-19 in High-Risk Adult Outpatients	https://clinicaltrials.gov/show/NCT04354428	NCT04354428	2020-12-01	FALSE	FALSE	FALSE	FALSE	TRUE	TRUE		experimental	NULL	NULL	drug	Azithromycin;Hydroxychloroquine	no
203	tri01154	NCT04357782	ClinicalTrials.gov	Administration of Intravenous Vitamin C in Novel Coronavirus Infection (COVID-19) and Decreased Oxygenation	https://clinicaltrials.gov/show/NCT04357782	NCT04357782	2020-10-01	FALSE	FALSE	FALSE	FALSE	TRUE	TRUE		experimental	NULL	NULL	drug	Vitamin C	no
212	tri01197	NCT04361435	ClinicalTrials.gov	Lung Recruitment Device for COVID-19	https://clinicaltrials.gov/show/NCT04361435	NCT04361435	2020-07-01	FALSE	FALSE	FALSE	FALSE	TRUE	TRUE		experimental	NULL	NULL	procedure	Chest PhysioTherapy (CPT);non-invasive oscillating device (NIOD)	no
212	tri01197	NCT04361435	ClinicalTrials.gov	Lung Recruitment Device for COVID-19	https://clinicaltrials.gov/show/NCT04361435	NCT04361435	2020-07-01	FALSE	FALSE	FALSE	FALSE	TRUE	TRUE		experimental	NULL	NULL	procedure	Chest PhysioTherapy (CPT);non-invasive oscillating device (NIOD)	no
216	tri01330	NCT04366856	ClinicalTrials.gov	PROne Positioning in coVID-19 Oxygeno-dependent Patients in Spontaneous Ventilation (PROVID Study)	https://clinicaltrials.gov/show/NCT04366856	NCT04366856	2020-12-01	FALSE	FALSE	FALSE	FALSE	TRUE	TRUE		experimental	NULL	NULL	procedure	Prone Positioning	no
216	tri01330	NCT04366856	ClinicalTrials.gov	PROne Positioning in coVID-19 Oxygeno-dependent Patients in Spontaneous Ventilation (PROVID Study)	https://clinicaltrials.gov/show/NCT04366856	NCT04366856	2020-12-01	FALSE	FALSE	FALSE	FALSE	TRUE	TRUE		control	no_treatment	NULL	NULL	NULL	NULL
226	tri01564	NCT04377997	ClinicalTrials.gov	Safety and Efficacy of Therapeutic Anticoagulation on Clinical Outcomes in Hospitalized Patients With COVID-19	https://clinicaltrials.gov/show/NCT04377997	NCT04377997	2021-01-01	FALSE	FALSE	FALSE	FALSE	TRUE	TRUE		experimental	NULL	NULL	drug	Enoxaparin	no
226	tri01564	NCT04377997	ClinicalTrials.gov	Safety and Efficacy of Therapeutic Anticoagulation on Clinical Outcomes in Hospitalized Patients With COVID-19	https://clinicaltrials.gov/show/NCT04377997	NCT04377997	2021-01-01	FALSE	FALSE	FALSE	FALSE	TRUE	TRUE		control	defined_soc	NULL	NULL	NULL	NULL
230	tri01846	NCT04381871	ClinicalTrials.gov	Potential Role of Gum Arabic as Immunomodulatory Agent Among COVID 19 Patients	https://clinicaltrials.gov/show/NCT04381871		2020-08-01	FALSE	FALSE	FALSE	FALSE	TRUE	TRUE		experimental	NULL	NULL	traditional_medicine	Traditional Medicine	no
230	tri01846	NCT04381871	ClinicalTrials.gov	Potential Role of Gum Arabic as Immunomodulatory Agent Among COVID 19 Patients	https://clinicaltrials.gov/show/NCT04381871		2020-08-01	FALSE	FALSE	FALSE	FALSE	TRUE	TRUE		control	placebo	no	NULL	NULL	NULL
231	tri01848	NCT04382131	ClinicalTrials.gov	Hypertonic Saline Nasal Irrigation and Gargling in Suspected or Confirmed COVID-19 (ELVIS COVID-19)	https://clinicaltrials.gov/show/NCT04382131	NCT04382131	2020-10-01	FALSE	FALSE	FALSE	FALSE	TRUE	TRUE		experimental	NULL	NULL	other	Nasopharyngeal saline wash	no
231	tri01848	NCT04382131	ClinicalTrials.gov	Hypertonic Saline Nasal Irrigation and Gargling in Suspected or Confirmed COVID-19 (ELVIS COVID-19)	https://clinicaltrials.gov/show/NCT04382131	NCT04382131	2020-10-01	FALSE	FALSE	FALSE	FALSE	TRUE	TRUE		control	undefined_soc	NULL	NULL	NULL	NULL
233	tri03071	NCT04382768	ClinicalTrials.gov	Inhaled Ibuprofen to Treat COVID-19	https://clinicaltrials.gov/show/NCT04382768		2021-01-01	FALSE	FALSE	FALSE	FALSE	TRUE	TRUE		experimental	NULL	NULL	drug	Ibuprofen	undefined_soc
244	tri02056	NCT04390061	ClinicalTrials.gov	TOFAcitinib Plus Hydroxycloroquine vs Hydroxycloroquine in Patients With COVID-19 Interstitial Pneumonia	https://clinicaltrials.gov/show/NCT04390061	NCT04390061; EUCTR2020-002035-30	2020-09-01	FALSE	FALSE	FALSE	FALSE	TRUE	TRUE		experimental	NULL	NULL	drug	Tofacitinib	defined_soc
244	tri02056	NCT04390061	ClinicalTrials.gov	TOFAcitinib Plus Hydroxycloroquine vs Hydroxycloroquine in Patients With COVID-19 Interstitial Pneumonia	https://clinicaltrials.gov/show/NCT04390061	NCT04390061; EUCTR2020-002035-30	2020-09-01	FALSE	FALSE	FALSE	FALSE	TRUE	TRUE		control	defined_soc	NULL	NULL	NULL	NULL
245	tri02060	NCT04390412	ClinicalTrials.gov	Low Dose Radiotherapy in COVID-19 Pneumonia	https://clinicaltrials.gov/show/NCT04390412	NCT04390412; IRCT20200509047366N1	2020-08-01	FALSE	FALSE	FALSE	FALSE	TRUE	TRUE		experimental	NULL	NULL	procedure	Low dose radiotherapy	undefined_soc
252	tri02268	NCT04393415	ClinicalTrials.gov	Using PRP and Cord Blood in Treatment of Covid -19	https://clinicaltrials.gov/show/NCT04393415		2020-08-01	FALSE	FALSE	FALSE	FALSE	TRUE	TRUE		experimental	NULL	NULL	biologics	Stem Cells (Mesenchymal)	no
252	tri02268	NCT04393415	ClinicalTrials.gov	Using PRP and Cord Blood in Treatment of Covid -19	https://clinicaltrials.gov/show/NCT04393415		2020-08-01	FALSE	FALSE	FALSE	FALSE	TRUE	TRUE		experimental	NULL	NULL	biologics	Platelet Rich Plasms	no
252	tri02268	NCT04393415	ClinicalTrials.gov	Using PRP and Cord Blood in Treatment of Covid -19	https://clinicaltrials.gov/show/NCT04393415		2020-08-01	FALSE	FALSE	FALSE	FALSE	TRUE	TRUE		control	no_treatment	NULL	NULL	NULL	NULL
267	tri02532	NCT04410510	ClinicalTrials.gov	P2Et Extract in the Symptomatic Treatment of Subjects With COVID-19	https://clinicaltrials.gov/show/NCT04410510	NCT04410510	2020-12-01	FALSE	FALSE	FALSE	FALSE	TRUE	TRUE		control	placebo	defined_soc	NULL	NULL	NULL
270	tri02997	NCT04420260	ClinicalTrials.gov	Primary Prevention of Infection by COVID-19 in Health Providers	https://clinicaltrials.gov/show/NCT04420260	NCT04420260	2020-09-01	FALSE	FALSE	FALSE	FALSE	TRUE	TRUE		control	placebo	no	NULL	NULL	NULL
270	tri02997	NCT04420260	ClinicalTrials.gov	Primary Prevention of Infection by COVID-19 in Health Providers	https://clinicaltrials.gov/show/NCT04420260	NCT04420260	2020-09-01	FALSE	FALSE	FALSE	FALSE	TRUE	TRUE		experimental	NULL	NULL	multiple	food emulsion (unspecified);oropharygeal spray (unspecified)	no
271	tri03008	NCT04421391	ClinicalTrials.gov	QuadraMune(TM) for Prevention of COVID-19	https://clinicaltrials.gov/show/NCT04421391	NCT04421391	2020-11-01	FALSE	FALSE	FALSE	FALSE	TRUE	TRUE		experimental	NULL	NULL	nutritional_supplement	QuadraMune	no
281	tri03488	NCT04432987	ClinicalTrials.gov	Dornase Alpha for the Treatment of COVID-19	https://clinicaltrials.gov/show/NCT04432987		2020-08-01	FALSE	FALSE	FALSE	FALSE	TRUE	TRUE		experimental	NULL	NULL	biologics	Pulmozyme	no
281	tri03488	NCT04432987	ClinicalTrials.gov	Dornase Alpha for the Treatment of COVID-19	https://clinicaltrials.gov/show/NCT04432987		2020-08-01	FALSE	FALSE	FALSE	FALSE	TRUE	TRUE		control	other_unknown	NULL	NULL	NULL	NULL
284	tri03525	NCT04436471	ClinicalTrials.gov	An Open Study of the Safety, Tolerability and Immunogenicity of the Drug 'Gam-COVID-Vac' Vaccine Against COVID-19	https://clinicaltrials.gov/show/NCT04436471	NCT04436471	2020-08-01	FALSE	FALSE	FALSE	FALSE	TRUE	TRUE		experimental	NULL	NULL	vaccine_covid	Gam-COVID-Vac	no
284	tri03525	NCT04436471	ClinicalTrials.gov	An Open Study of the Safety, Tolerability and Immunogenicity of the Drug 'Gam-COVID-Vac' Vaccine Against COVID-19	https://clinicaltrials.gov/show/NCT04436471	NCT04436471	2020-08-01	FALSE	FALSE	FALSE	FALSE	TRUE	TRUE		experimental	NULL	NULL	vaccine_covid	Gam-COVID-Vac	no
284	tri03525	NCT04436471	ClinicalTrials.gov	An Open Study of the Safety, Tolerability and Immunogenicity of the Drug 'Gam-COVID-Vac' Vaccine Against COVID-19	https://clinicaltrials.gov/show/NCT04436471	NCT04436471	2020-08-01	FALSE	FALSE	FALSE	FALSE	TRUE	TRUE		experimental	NULL	NULL	vaccine_covid	Gam-COVID-Vac	no
287	tri03558	NCT04441424	ClinicalTrials.gov	Convalescent Plasma Therapy on Critically-ill Novel Coronavirus (COVID-19) Patients	https://clinicaltrials.gov/show/NCT04441424	NCT04441424	2020-06-01	FALSE	FALSE	FALSE	FALSE	TRUE	TRUE		experimental	NULL	NULL	biologics	Convalescent Plasma	defined_soc
287	tri03558	NCT04441424	ClinicalTrials.gov	Convalescent Plasma Therapy on Critically-ill Novel Coronavirus (COVID-19) Patients	https://clinicaltrials.gov/show/NCT04441424	NCT04441424	2020-06-01	FALSE	FALSE	FALSE	FALSE	TRUE	TRUE		control	defined_soc	NULL	NULL	NULL	NULL
294	tri05473	NCT04452773	ClinicalTrials.gov	Clinical Trial to Evaluate the Efficacy of Food Supplement Manremyc® Against SARS- COV-2 Infection (COVID-19) in Healthcare Workers	https://clinicaltrials.gov/show/NCT04452773	NCT04452773	2020-09-01	FALSE	FALSE	FALSE	FALSE	TRUE	TRUE		control	placebo	no	NULL	NULL	NULL
294	tri05473	NCT04452773	ClinicalTrials.gov	Clinical Trial to Evaluate the Efficacy of Food Supplement Manremyc® Against SARS- COV-2 Infection (COVID-19) in Healthcare Workers	https://clinicaltrials.gov/show/NCT04452773	NCT04452773	2020-09-01	FALSE	FALSE	FALSE	FALSE	TRUE	TRUE		experimental	NULL	NULL	nutritional_supplement	Manremyc	no
314	tri05983	NCT04508439	ClinicalTrials.gov	Effect of the Use of Anticoagulant Therapy During Hospitalization and Discharge in Patients With COVID-19 Infection	https://clinicaltrials.gov/show/NCT04508439	NCT04508439	2020-08-01	FALSE	FALSE	FALSE	FALSE	TRUE	TRUE		experimental	NULL	NULL	drug	Enoxaparin	no
314	tri05983	NCT04508439	ClinicalTrials.gov	Effect of the Use of Anticoagulant Therapy During Hospitalization and Discharge in Patients With COVID-19 Infection	https://clinicaltrials.gov/show/NCT04508439	NCT04508439	2020-08-01	FALSE	FALSE	FALSE	FALSE	TRUE	TRUE		control	defined_soc	NULL	NULL	NULL	NULL
318	tri06088	NCT04521400	ClinicalTrials.gov	the Investigation Into Beneficial Effects of High-dose Interferon Beta 1-a, Compared to Low-dose Interferon Beta 1-a in Moderate to Severe Covid-19	https://clinicaltrials.gov/show/NCT04521400	NCT04521400	2020-09-01	FALSE	FALSE	FALSE	FALSE	TRUE	TRUE		experimental	NULL	NULL	drug	Interferon Beta	defined_soc
318	tri06088	NCT04521400	ClinicalTrials.gov	the Investigation Into Beneficial Effects of High-dose Interferon Beta 1-a, Compared to Low-dose Interferon Beta 1-a in Moderate to Severe Covid-19	https://clinicaltrials.gov/show/NCT04521400	NCT04521400	2020-09-01	FALSE	FALSE	FALSE	FALSE	TRUE	TRUE		experimental	NULL	NULL	drug	Interferon Beta	defined_soc
320	tri06130	NCT04527133	ClinicalTrials.gov	An Open Non-comparative Study of the Efficacy and Safety of Aprotinin in Patients Hospitalized With COVID-19	https://clinicaltrials.gov/show/NCT04527133	NCT04527133	2020-08-01	FALSE	FALSE	FALSE	FALSE	TRUE	TRUE		experimental	NULL	NULL	drug	Aprotinin;Favipiravir	undefined_soc
320	tri06130	NCT04527133	ClinicalTrials.gov	An Open Non-comparative Study of the Efficacy and Safety of Aprotinin in Patients Hospitalized With COVID-19	https://clinicaltrials.gov/show/NCT04527133	NCT04527133	2020-08-01	FALSE	FALSE	FALSE	FALSE	TRUE	TRUE		experimental	NULL	NULL	drug	Aprotinin	undefined_soc
329	tri06378	NCT04559035	ClinicalTrials.gov	Nasal Irrigation to Reduce COVID-19 Morbidity	https://clinicaltrials.gov/show/NCT04559035	NCT04559035	2020-12-01	FALSE	FALSE	FALSE	FALSE	TRUE	TRUE		experimental	NULL	NULL	drug	Baking soda	no
329	tri06378	NCT04559035	ClinicalTrials.gov	Nasal Irrigation to Reduce COVID-19 Morbidity	https://clinicaltrials.gov/show/NCT04559035	NCT04559035	2020-12-01	FALSE	FALSE	FALSE	FALSE	TRUE	TRUE		experimental	NULL	NULL	drug	Povidone-iodine	no
341	tri06851	NCT04632602	ClinicalTrials.gov	Awake Prone Position to Reduce Ventilation Inhomogeneity in COVID-19 Acute Respiratory Failure	https://clinicaltrials.gov/show/NCT04632602	NCT04632602	2020-12-01	FALSE	FALSE	FALSE	FALSE	TRUE	TRUE		experimental	NULL	NULL	procedure	Prone Positioning	no
341	tri06851	NCT04632602	ClinicalTrials.gov	Awake Prone Position to Reduce Ventilation Inhomogeneity in COVID-19 Acute Respiratory Failure	https://clinicaltrials.gov/show/NCT04632602	NCT04632602	2020-12-01	FALSE	FALSE	FALSE	FALSE	TRUE	TRUE		control	other_unknown	NULL	NULL	NULL	NULL
348	tri01300	NCT04359797	ClinicalTrials.gov	COVID-19 Patient Positioning Pragmatic Trial	https://clinicaltrials.gov/show/NCT04359797	NCT04359797	2020-12-01	FALSE	FALSE	FALSE	FALSE	TRUE	TRUE		experimental	NULL	NULL	procedure	Prone Positioning	no
348	tri01300	NCT04359797	ClinicalTrials.gov	COVID-19 Patient Positioning Pragmatic Trial	https://clinicaltrials.gov/show/NCT04359797	NCT04359797	2020-12-01	FALSE	FALSE	FALSE	FALSE	TRUE	TRUE		control	no_treatment	NULL	NULL	NULL	NULL
356	tri07210	NCT04666116	ClinicalTrials.gov	Changes in Viral Load in COVID-19 After Probiotics	https://clinicaltrials.gov/show/NCT04666116	NCT04666116	2020-12-01	FALSE	FALSE	FALSE	FALSE	TRUE	TRUE		experimental	NULL	NULL	nutritional_supplement	Probiotic	undefined_soc
356	tri07210	NCT04666116	ClinicalTrials.gov	Changes in Viral Load in COVID-19 After Probiotics	https://clinicaltrials.gov/show/NCT04666116	NCT04666116	2020-12-01	FALSE	FALSE	FALSE	FALSE	TRUE	TRUE		control	undefined_soc	NULL	NULL	NULL	NULL
360	tri03299	NCT04341688	ClinicalTrials.gov	A Clinical Trial of Gargling Agents in Reducing Intraoral Viral Load Among COVID-19 Patients	https://clinicaltrials.gov/show/NCT04341688	NCT04341688	2021-06-01	FALSE	FALSE	FALSE	FALSE	TRUE	TRUE		experimental	NULL	NULL	drug	Povidone-iodine	no
360	tri03299	NCT04341688	ClinicalTrials.gov	A Clinical Trial of Gargling Agents in Reducing Intraoral Viral Load Among COVID-19 Patients	https://clinicaltrials.gov/show/NCT04341688	NCT04341688	2021-06-01	FALSE	FALSE	FALSE	FALSE	TRUE	TRUE		experimental	NULL	NULL	NULL	Hydrogen peroxide	no
360	tri03299	NCT04341688	ClinicalTrials.gov	A Clinical Trial of Gargling Agents in Reducing Intraoral Viral Load Among COVID-19 Patients	https://clinicaltrials.gov/show/NCT04341688	NCT04341688	2021-06-01	FALSE	FALSE	FALSE	FALSE	TRUE	TRUE		experimental	NULL	NULL	traditional_medicine	Traditional Medicine	no
360	tri03299	NCT04341688	ClinicalTrials.gov	A Clinical Trial of Gargling Agents in Reducing Intraoral Viral Load Among COVID-19 Patients	https://clinicaltrials.gov/show/NCT04341688	NCT04341688	2021-06-01	FALSE	FALSE	FALSE	FALSE	TRUE	TRUE		experimental	NULL	NULL	drug	hypertonic saline	no
360	tri03299	NCT04341688	ClinicalTrials.gov	A Clinical Trial of Gargling Agents in Reducing Intraoral Viral Load Among COVID-19 Patients	https://clinicaltrials.gov/show/NCT04341688	NCT04341688	2021-06-01	FALSE	FALSE	FALSE	FALSE	TRUE	TRUE		control	placebo	no	NULL	NULL	NULL
360	tri03299	NCT04341688	ClinicalTrials.gov	A Clinical Trial of Gargling Agents in Reducing Intraoral Viral Load Among COVID-19 Patients	https://clinicaltrials.gov/show/NCT04341688	NCT04341688	2021-06-01	FALSE	FALSE	FALSE	FALSE	TRUE	TRUE		control	no_treatment	NULL	NULL	NULL	NULL
363	tri06718	NCT04610567	ClinicalTrials.gov	Treatment of Patients With Mild Coronavirus-19 (COVID-19) Disease With Methotrexate Associated to LDL Like Nanoparticles (Nano-COVID19)	https://clinicaltrials.gov/show/NCT04610567	NCT04610567	2021-03-01	FALSE	FALSE	FALSE	FALSE	TRUE	TRUE		control	placebo	no	NULL	NULL	NULL
363	tri06718	NCT04610567	ClinicalTrials.gov	Treatment of Patients With Mild Coronavirus-19 (COVID-19) Disease With Methotrexate Associated to LDL Like Nanoparticles (Nano-COVID19)	https://clinicaltrials.gov/show/NCT04610567	NCT04610567	2021-03-01	FALSE	FALSE	FALSE	FALSE	TRUE	TRUE		experimental	NULL	NULL	drug	Methotrexate	no
367	tri01766	CTRI/2020/05/024981	CTRI	Clinical study on Dabur Chyawanprash as a preventive remedy in pandemic of Covid-19.	http://www.ctri.nic.in/Clinicaltrials/pmaindet2.php?trialid=43374	CTRI/2020/05/024981	2020-10-01	FALSE	FALSE	FALSE	FALSE	TRUE	TRUE		control	placebo	no	NULL	NULL	NULL
367	tri01766	CTRI/2020/05/024981	CTRI	Clinical study on Dabur Chyawanprash as a preventive remedy in pandemic of Covid-19.	http://www.ctri.nic.in/Clinicaltrials/pmaindet2.php?trialid=43374	CTRI/2020/05/024981	2020-10-01	FALSE	FALSE	FALSE	FALSE	TRUE	TRUE		experimental	NULL	NULL	traditional_medicine	Traditional Medicine	no
369	tri04511	CTRI/2020/05/025215	CTRI	Effectiveness of Siddha medicine, Kabasura kudineer and vitamin c-zinc supplementation in the management of Mild COVID 19 patients.	http://www.ctri.nic.in/Clinicaltrials/pmaindet2.php?trialid=43769	CTRI/2020/05/025215	2020-06-01	FALSE	FALSE	FALSE	FALSE	TRUE	TRUE		experimental	NULL	NULL	traditional_medicine	Traditional Medicine	no
369	tri04511	CTRI/2020/05/025215	CTRI	Effectiveness of Siddha medicine, Kabasura kudineer and vitamin c-zinc supplementation in the management of Mild COVID 19 patients.	http://www.ctri.nic.in/Clinicaltrials/pmaindet2.php?trialid=43769	CTRI/2020/05/025215	2020-06-01	FALSE	FALSE	FALSE	FALSE	TRUE	TRUE		control	defined_soc	NULL	NULL	NULL	NULL
398	tri04958	CTRI/2020/08/027477	CTRI	Evaluation of safety and efficacy of T-AYU-HM Premium and Onion steam vaporization/nebulization in Covid-19 patients.	http://www.ctri.nic.in/Clinicaltrials/pmaindet2.php?trialid=46654	CTRI/2020/08/027477	2020-10-01	FALSE	FALSE	FALSE	FALSE	TRUE	TRUE		experimental	NULL	NULL	traditional_medicine	Traditional Medicine	no
408	tri02632	NCT04414124	ClinicalTrials.gov	A Clinical Study to Assess the Natural History of COVID-19 and Effects of KB109 and Supportive Self-care in Outpatients With Mild-to-moderate COVID-19	https://clinicaltrials.gov/show/NCT04414124	NCT04414124	2021-02-01	FALSE	FALSE	FALSE	FALSE	TRUE	TRUE		control	undefined_soc	NULL	NULL	NULL	NULL
406	tri02393	NCT04406389	ClinicalTrials.gov	Anticoagulation in Critically Ill Patients With COVID-19 (The IMPACT Trial)	https://clinicaltrials.gov/show/NCT04406389	NCT04406389	2021-06-01	FALSE	FALSE	FALSE	FALSE	TRUE	TRUE		control	defined_soc	NULL	NULL		NULL
408	tri02632	NCT04414124	ClinicalTrials.gov	A Clinical Study to Assess the Natural History of COVID-19 and Effects of KB109 and Supportive Self-care in Outpatients With Mild-to-moderate COVID-19	https://clinicaltrials.gov/show/NCT04414124	NCT04414124	2021-02-01	FALSE	FALSE	FALSE	FALSE	TRUE	TRUE		experimental	NULL	NULL	drug	KB109	undefined_soc
406	tri02393	NCT04406389	ClinicalTrials.gov	Anticoagulation in Critically Ill Patients With COVID-19 (The IMPACT Trial)	https://clinicaltrials.gov/show/NCT04406389	NCT04406389	2021-06-01	FALSE	FALSE	FALSE	FALSE	TRUE	TRUE		experimental	NULL	NULL	drug	Anticoagulants (Unspecified)	no
423	tri00952	NCT04344730	ClinicalTrials.gov	Dexamethasone and Oxygen Support Strategies in ICU Patients With Covid-19 Pneumonia	https://clinicaltrials.gov/show/NCT04344730	NCT04344730; EUCTR2020-001457-43	2021-12-01	FALSE	FALSE	FALSE	FALSE	TRUE	FALSE		experimental	NULL	NULL	drug	Dexamethasone	no
423	tri00952	NCT04344730	ClinicalTrials.gov	Dexamethasone and Oxygen Support Strategies in ICU Patients With Covid-19 Pneumonia	https://clinicaltrials.gov/show/NCT04344730	NCT04344730; EUCTR2020-001457-43	2021-12-01	FALSE	FALSE	FALSE	FALSE	TRUE	FALSE		control	placebo	no	NULL	NULL	NULL
440	tri06160	NCT04530409	ClinicalTrials.gov	Timing of Corticosteroids in COVID-19	https://clinicaltrials.gov/show/NCT04530409	NCT04530409	2021-04-01	FALSE	FALSE	FALSE	FALSE	TRUE	TRUE		experimental	NULL	NULL	drug	Dexamethasone;Methylprednisolone	no
440	tri06160	NCT04530409	ClinicalTrials.gov	Timing of Corticosteroids in COVID-19	https://clinicaltrials.gov/show/NCT04530409	NCT04530409	2021-04-01	FALSE	FALSE	FALSE	FALSE	TRUE	TRUE		control	no_treatment	NULL	NULL	NULL	NULL
461	tri03434	NCT04409262	ClinicalTrials.gov	A Study to Evaluate the Efficacy and Safety of Remdesivir Plus Tocilizumab Compared With Remdesivir Plus Placebo in Hospitalized Participants With Severe COVID-19 Pneumonia	https://clinicaltrials.gov/show/NCT04409262	NCT04409262; EUCTR2020-002275-34	2021-02-01	FALSE	FALSE	FALSE	FALSE	TRUE	TRUE		experimental	NULL	NULL	biologics	Tocilizumab	defined_soc
461	tri03434	NCT04409262	ClinicalTrials.gov	A Study to Evaluate the Efficacy and Safety of Remdesivir Plus Tocilizumab Compared With Remdesivir Plus Placebo in Hospitalized Participants With Severe COVID-19 Pneumonia	https://clinicaltrials.gov/show/NCT04409262	NCT04409262; EUCTR2020-002275-34	2021-02-01	FALSE	FALSE	FALSE	FALSE	TRUE	TRUE		control	placebo	defined_soc	NULL	NULL	NULL
490	tri05645	NCT04470258	ClinicalTrials.gov	Elmo Respiratory Support Project - COVID-19	https://clinicaltrials.gov/show/NCT04470258	NCT04470258	2020-08-01	FALSE	FALSE	FALSE	FALSE	TRUE	TRUE		experimental	NULL	NULL	device	Elmo System	no
497	tri05893	NCT04495933	ClinicalTrials.gov	A Study on the Safety, Tolerability and Immune Response of SARS-CoV-2 Sclamp (COVID-19) Vaccine in Healthy Adults	https://clinicaltrials.gov/show/NCT04495933	NCT04495933; ACTRN12620000674932; ISRCTN51232965	2020-10-01	FALSE	FALSE	FALSE	FALSE	TRUE	TRUE		experimental	NULL	NULL	vaccine_covid	MF59 adjuvanted SARS-CoV-2 Sclamp vaccine	no
497	tri05893	NCT04495933	ClinicalTrials.gov	A Study on the Safety, Tolerability and Immune Response of SARS-CoV-2 Sclamp (COVID-19) Vaccine in Healthy Adults	https://clinicaltrials.gov/show/NCT04495933	NCT04495933; ACTRN12620000674932; ISRCTN51232965	2020-10-01	FALSE	FALSE	FALSE	FALSE	TRUE	TRUE		experimental	NULL	NULL	vaccine_covid	MF59 adjuvanted SARS-CoV-2 Sclamp vaccine	no
497	tri05893	NCT04495933	ClinicalTrials.gov	A Study on the Safety, Tolerability and Immune Response of SARS-CoV-2 Sclamp (COVID-19) Vaccine in Healthy Adults	https://clinicaltrials.gov/show/NCT04495933	NCT04495933; ACTRN12620000674932; ISRCTN51232965	2020-10-01	FALSE	FALSE	FALSE	FALSE	TRUE	TRUE		experimental	NULL	NULL	vaccine_covid	MF59 adjuvanted SARS-CoV-2 Sclamp vaccine	no
510	tri06236	NCT04537962	ClinicalTrials.gov	Salivary SARS-CoV-2 Load of Covid-19 Patients After Oral Antimicrobial Solutions and Dentifrices	https://clinicaltrials.gov/show/NCT04537962	NCT04537962	2020-12-01	FALSE	FALSE	FALSE	FALSE	TRUE	TRUE		experimental	NULL	NULL	other	Toothpaste	no
510	tri06236	NCT04537962	ClinicalTrials.gov	Salivary SARS-CoV-2 Load of Covid-19 Patients After Oral Antimicrobial Solutions and Dentifrices	https://clinicaltrials.gov/show/NCT04537962	NCT04537962	2020-12-01	FALSE	FALSE	FALSE	FALSE	TRUE	TRUE		control	placebo	no	NULL	NULL	NULL
510	tri06236	NCT04537962	ClinicalTrials.gov	Salivary SARS-CoV-2 Load of Covid-19 Patients After Oral Antimicrobial Solutions and Dentifrices	https://clinicaltrials.gov/show/NCT04537962	NCT04537962	2020-12-01	FALSE	FALSE	FALSE	FALSE	TRUE	TRUE		experimental	NULL	NULL	drug	cetylpyridinium chloride (CPC)	no
510	tri06236	NCT04537962	ClinicalTrials.gov	Salivary SARS-CoV-2 Load of Covid-19 Patients After Oral Antimicrobial Solutions and Dentifrices	https://clinicaltrials.gov/show/NCT04537962	NCT04537962	2020-12-01	FALSE	FALSE	FALSE	FALSE	TRUE	TRUE		experimental	NULL	NULL	drug	Hydrogen peroxide	NULL
510	tri06236	NCT04537962	ClinicalTrials.gov	Salivary SARS-CoV-2 Load of Covid-19 Patients After Oral Antimicrobial Solutions and Dentifrices	https://clinicaltrials.gov/show/NCT04537962	NCT04537962	2020-12-01	FALSE	FALSE	FALSE	FALSE	TRUE	TRUE		experimental	NULL	NULL	drug	Chlorhexidine gluconate	no
510	tri06236	NCT04537962	ClinicalTrials.gov	Salivary SARS-CoV-2 Load of Covid-19 Patients After Oral Antimicrobial Solutions and Dentifrices	https://clinicaltrials.gov/show/NCT04537962	NCT04537962	2020-12-01	FALSE	FALSE	FALSE	FALSE	TRUE	TRUE		experimental	NULL	NULL	drug	Chlorhexidine gluconate;Hydrogen peroxide	no
512	tri07225	ISRCTN27106947	ISRCTN	A study to assess several different treatments that may be useful for patients with COVID-19	http://www.isrctn.com/ISRCTN27106947	ISRCTN27106947; EUCTR2020-001860-27; NCT04746183	2021-11-01	FALSE	FALSE	FALSE	FALSE	TRUE	TRUE		experimental	NULL	NULL	drug	Molnupiravir	no
512	tri07225	ISRCTN27106947	ISRCTN	A study to assess several different treatments that may be useful for patients with COVID-19	http://www.isrctn.com/ISRCTN27106947	ISRCTN27106947; EUCTR2020-001860-27; NCT04746183	2021-11-01	FALSE	FALSE	FALSE	FALSE	TRUE	TRUE		control	placebo	undefined_soc	NULL	NULL	NULL
512	tri07225	ISRCTN27106947	ISRCTN	A study to assess several different treatments that may be useful for patients with COVID-19	http://www.isrctn.com/ISRCTN27106947	ISRCTN27106947; EUCTR2020-001860-27; NCT04746183	2021-11-01	FALSE	FALSE	FALSE	FALSE	TRUE	TRUE		experimental	NULL	NULL	drug	Nitazoxanide	no
512	tri07225	ISRCTN27106947	ISRCTN	A study to assess several different treatments that may be useful for patients with COVID-19	http://www.isrctn.com/ISRCTN27106947	ISRCTN27106947; EUCTR2020-001860-27; NCT04746183	2021-11-01	FALSE	FALSE	FALSE	FALSE	TRUE	TRUE		experimental	NULL	NULL	biologics	Sotrovimab	no
512	tri07225	ISRCTN27106947	ISRCTN	A study to assess several different treatments that may be useful for patients with COVID-19	http://www.isrctn.com/ISRCTN27106947	ISRCTN27106947; EUCTR2020-001860-27; NCT04746183	2021-11-01	FALSE	FALSE	FALSE	FALSE	TRUE	TRUE		experimental	NULL	NULL	NULL	VIR-7832	NULL
527	tri01286	NCT04345848	ClinicalTrials.gov	Preventing COVID-19 Complications With Low- and High-dose Anticoagulation	https://clinicaltrials.gov/show/NCT04345848	NCT04345848	2021-09-01	FALSE	FALSE	FALSE	FALSE	TRUE	TRUE		experimental	NULL	NULL	drug	Enoxaparin	no
527	tri01286	NCT04345848	ClinicalTrials.gov	Preventing COVID-19 Complications With Low- and High-dose Anticoagulation	https://clinicaltrials.gov/show/NCT04345848	NCT04345848	2021-09-01	FALSE	FALSE	FALSE	FALSE	TRUE	TRUE		control	defined_soc	NULL	NULL		NULL
537	tri02290	NCT04400890	ClinicalTrials.gov	Randomized Proof-of-Concept Trial to Evaluate the Safety and Explore the Effectiveness of Resveratrol, a Plant Polyphenol, for COVID-19	https://clinicaltrials.gov/show/NCT04400890	NCT04400890	2021-03-01	FALSE	FALSE	FALSE	FALSE	TRUE	TRUE		experimental	NULL	NULL	drug	Resveratrol	defined_soc
537	tri02290	NCT04400890	ClinicalTrials.gov	Randomized Proof-of-Concept Trial to Evaluate the Safety and Explore the Effectiveness of Resveratrol, a Plant Polyphenol, for COVID-19	https://clinicaltrials.gov/show/NCT04400890	NCT04400890	2021-03-01	FALSE	FALSE	FALSE	FALSE	TRUE	TRUE		control	placebo	defined_soc	NULL	NULL	NULL
555	tri04057	ISRCTN34160010	ISRCTN	A low-intervention study of pre-exposure prophylaxis (PrEP) in healthy volunteers at high risk of coronavirus (SARS-CoV-2) infection.	http://www.isrctn.com/ISRCTN34160010	ISRCTN34160010	2020-09-01	FALSE	FALSE	FALSE	FALSE	TRUE	TRUE		experimental	NULL	NULL	drug	inosine-glutathione;potassium chloride	no
555	tri04057	ISRCTN34160010	ISRCTN	A low-intervention study of pre-exposure prophylaxis (PrEP) in healthy volunteers at high risk of coronavirus (SARS-CoV-2) infection.	http://www.isrctn.com/ISRCTN34160010	ISRCTN34160010	2020-09-01	FALSE	FALSE	FALSE	FALSE	TRUE	TRUE		control	other_unknown	NULL	NULL	NULL	NULL
559	tri04439	RPCEC00000330	RPCEC	DALIA Study	https://rpcec.sld.cu/en/trials/RPCEC00000330-En	RPCEC00000330	2020-09-01	FALSE	FALSE	FALSE	FALSE	TRUE	TRUE		experimental	NULL	NULL	biologics	CIGB-258 peptide	no
559	tri04439	RPCEC00000330	RPCEC	DALIA Study	https://rpcec.sld.cu/en/trials/RPCEC00000330-En	RPCEC00000330	2020-09-01	FALSE	FALSE	FALSE	FALSE	TRUE	TRUE		control	undefined_soc	NULL	NULL	NULL	NULL
565	tri02948	NCT04351581	ClinicalTrials.gov	Effects of Discontinuing Renin-angiotensin System Inhibitors in Patients With and Without COVID-19	https://clinicaltrials.gov/show/NCT04351581	NCT04351581; EUCTR2020-001544-26	2022-06-01	FALSE	FALSE	FALSE	FALSE	TRUE	FALSE		experimental	NULL	NULL	drug	ACE Inhibitors;Angiotensin Receptor Blockers (ARB)	no
565	tri02948	NCT04351581	ClinicalTrials.gov	Effects of Discontinuing Renin-angiotensin System Inhibitors in Patients With and Without COVID-19	https://clinicaltrials.gov/show/NCT04351581	NCT04351581; EUCTR2020-001544-26	2022-06-01	FALSE	FALSE	FALSE	FALSE	TRUE	FALSE		control	no_treatment	NULL	NULL	NULL	NULL
576	tri03418	NCT04401579	ClinicalTrials.gov	Adaptive COVID-19 Treatment Trial 2 (ACTT-2)	https://clinicaltrials.gov/ct2/show/NCT04401579	NCT04401579; JPRN-jRCT2031200035; EUCTR2020-001052-18	0000-00-00	FALSE	FALSE	FALSE	FALSE	TRUE			control	placebo	defined_soc	NULL	NULL	NULL
576	tri03418	NCT04401579	ClinicalTrials.gov	Adaptive COVID-19 Treatment Trial 2 (ACTT-2)	https://clinicaltrials.gov/ct2/show/NCT04401579	NCT04401579; JPRN-jRCT2031200035; EUCTR2020-001052-18	0000-00-00	FALSE	FALSE	FALSE	FALSE	TRUE			experimental	NULL	NULL	drug	Baricitinib	defined_soc
581	tri00502	ChiCTR2000030946	ChiCTR	Effects of different VTE prevention methods on the prognosis of hospitalized patients with novel coronavirus pneumonia (COVID-19)	http://www.chictr.org.cn/showprojen.aspx?proj=51265	ChiCTR2000030946	2020-04-01	FALSE	FALSE	FALSE	FALSE	TRUE	TRUE		experimental	NULL	NULL	drug	Low molecular weight heparin (LMWH)	no
581	tri00502	ChiCTR2000030946	ChiCTR	Effects of different VTE prevention methods on the prognosis of hospitalized patients with novel coronavirus pneumonia (COVID-19)	http://www.chictr.org.cn/showprojen.aspx?proj=51265	ChiCTR2000030946	2020-04-01	FALSE	FALSE	FALSE	FALSE	TRUE	TRUE		experimental	NULL	NULL	procedure	Mechanical Anticoagulation	no
587	tri02344	NCT04368988	ClinicalTrials.gov	Evaluation of the Safety and Immunogenicity of a SARS-CoV-2 rS Nanoparticle Vaccine With/Without Matrix-M Adjuvant	https://clinicaltrials.gov/show/NCT04368988	NCT04368988; EUCTR2020-004123-16	2020-12-01	FALSE	FALSE	FALSE	FALSE	TRUE	TRUE		control	placebo	no	NULL	NULL	NULL
587	tri02344	NCT04368988	ClinicalTrials.gov	Evaluation of the Safety and Immunogenicity of a SARS-CoV-2 rS Nanoparticle Vaccine With/Without Matrix-M Adjuvant	https://clinicaltrials.gov/show/NCT04368988	NCT04368988; EUCTR2020-004123-16	2020-12-01	FALSE	FALSE	FALSE	FALSE	TRUE	TRUE		experimental	NULL	NULL	vaccine_covid	NVX-CoV2373	no
587	tri02344	NCT04368988	ClinicalTrials.gov	Evaluation of the Safety and Immunogenicity of a SARS-CoV-2 rS Nanoparticle Vaccine With/Without Matrix-M Adjuvant	https://clinicaltrials.gov/show/NCT04368988	NCT04368988; EUCTR2020-004123-16	2020-12-01	FALSE	FALSE	FALSE	FALSE	TRUE	TRUE		experimental	NULL	NULL	vaccine_covid	NVX-CoV2373	no
587	tri02344	NCT04368988	ClinicalTrials.gov	Evaluation of the Safety and Immunogenicity of a SARS-CoV-2 rS Nanoparticle Vaccine With/Without Matrix-M Adjuvant	https://clinicaltrials.gov/show/NCT04368988	NCT04368988; EUCTR2020-004123-16	2020-12-01	FALSE	FALSE	FALSE	FALSE	TRUE	TRUE		experimental	NULL	NULL	vaccine_covid	NVX-CoV2373	no
587	tri02344	NCT04368988	ClinicalTrials.gov	Evaluation of the Safety and Immunogenicity of a SARS-CoV-2 rS Nanoparticle Vaccine With/Without Matrix-M Adjuvant	https://clinicaltrials.gov/show/NCT04368988	NCT04368988; EUCTR2020-004123-16	2020-12-01	FALSE	FALSE	FALSE	FALSE	TRUE	TRUE		experimental	NULL	NULL	vaccine_covid	NVX-CoV2373	no
587	tri02344	NCT04368988	ClinicalTrials.gov	Evaluation of the Safety and Immunogenicity of a SARS-CoV-2 rS Nanoparticle Vaccine With/Without Matrix-M Adjuvant	https://clinicaltrials.gov/show/NCT04368988	NCT04368988; EUCTR2020-004123-16	2020-12-01	FALSE	FALSE	FALSE	FALSE	TRUE	TRUE		experimental	NULL	NULL	vaccine_covid	NVX-CoV2373	no
587	tri02344	NCT04368988	ClinicalTrials.gov	Evaluation of the Safety and Immunogenicity of a SARS-CoV-2 rS Nanoparticle Vaccine With/Without Matrix-M Adjuvant	https://clinicaltrials.gov/show/NCT04368988	NCT04368988; EUCTR2020-004123-16	2020-12-01	FALSE	FALSE	FALSE	FALSE	TRUE	TRUE		experimental	NULL	NULL	vaccine_covid	NVX-CoV2373	no
605	tri06087	NCT04521322	ClinicalTrials.gov	Efficacy of a Nasal Spray Containing Iota-Carrageenan in the Prophylaxis of COVID-19 Disease in Health Personnel Dedicated to Patients Care With COVID-19 Disease	https://clinicaltrials.gov/show/NCT04521322	NCT04521322	2020-10-01	FALSE	FALSE	FALSE	FALSE	TRUE	TRUE		experimental	NULL	NULL	drug	iota-carrageenan	no
605	tri06087	NCT04521322	ClinicalTrials.gov	Efficacy of a Nasal Spray Containing Iota-Carrageenan in the Prophylaxis of COVID-19 Disease in Health Personnel Dedicated to Patients Care With COVID-19 Disease	https://clinicaltrials.gov/show/NCT04521322	NCT04521322	2020-10-01	FALSE	FALSE	FALSE	FALSE	TRUE	TRUE		control	placebo	no	NULL	NULL	NULL
610	tri06519	NCT04581291	ClinicalTrials.gov	The Effect of Aerobic Exercise on Immune Biomarkers and Symptoms Severity and Progression in Patients With COVID-19: A Pilot Randomized Control Trial	https://clinicaltrials.gov/show/NCT04581291	NCT04581291	2020-06-01	FALSE	FALSE	FALSE	FALSE	TRUE	TRUE		experimental	NULL	NULL	procedure	Aerobic Exercises	defined_soc
610	tri06519	NCT04581291	ClinicalTrials.gov	The Effect of Aerobic Exercise on Immune Biomarkers and Symptoms Severity and Progression in Patients With COVID-19: A Pilot Randomized Control Trial	https://clinicaltrials.gov/show/NCT04581291	NCT04581291	2020-06-01	FALSE	FALSE	FALSE	FALSE	TRUE	TRUE		control	defined_soc	NULL	NULL	NULL	NULL
614	tri01492	NCT04341441	ClinicalTrials.gov	Will Hydroxychloroquine Impede or Prevent COVID-19	https://clinicaltrials.gov/show/NCT04341441	NCT04341441	2020-12-01	FALSE	FALSE	FALSE	FALSE	TRUE	TRUE		experimental	NULL	NULL	drug	Hydroxychloroquine	no
614	tri01492	NCT04341441	ClinicalTrials.gov	Will Hydroxychloroquine Impede or Prevent COVID-19	https://clinicaltrials.gov/show/NCT04341441	NCT04341441	2020-12-01	FALSE	FALSE	FALSE	FALSE	TRUE	TRUE		experimental	NULL	NULL	drug	Hydroxychloroquine	no
614	tri01492	NCT04341441	ClinicalTrials.gov	Will Hydroxychloroquine Impede or Prevent COVID-19	https://clinicaltrials.gov/show/NCT04341441	NCT04341441	2020-12-01	FALSE	FALSE	FALSE	FALSE	TRUE	TRUE		control	placebo	no	NULL	NULL	NULL
614	tri01492	NCT04341441	ClinicalTrials.gov	Will Hydroxychloroquine Impede or Prevent COVID-19	https://clinicaltrials.gov/show/NCT04341441	NCT04341441	2020-12-01	FALSE	FALSE	FALSE	FALSE	TRUE	TRUE		control	other_unknown	NULL	NULL	NULL	NULL
626	tri05845	NCT04490824	ClinicalTrials.gov	Inhalation of KELEA Excellerated Water in Covid-19 Infected Individuals	https://clinicaltrials.gov/show/NCT04490824		2021-03-01	FALSE	FALSE	FALSE	FALSE	TRUE	TRUE		experimental	NULL	NULL	other	KELEA Excellerated Water	no
626	tri05845	NCT04490824	ClinicalTrials.gov	Inhalation of KELEA Excellerated Water in Covid-19 Infected Individuals	https://clinicaltrials.gov/show/NCT04490824		2021-03-01	FALSE	FALSE	FALSE	FALSE	TRUE	TRUE		control	placebo	no	NULL	NULL	NULL
672	tri00269	NCT04286503	ClinicalTrials.gov	The Clinical Study of Carrimycin on Treatment Patients With COVID-19	https://clinicaltrials.gov/show/NCT04286503	NCT04286503	2021-02-01	FALSE	FALSE	FALSE	FALSE	FALSE	TRUE		experimental	NULL	NULL	drug	Carrimycin	undefined_soc
672	tri00269	NCT04286503	ClinicalTrials.gov	The Clinical Study of Carrimycin on Treatment Patients With COVID-19	https://clinicaltrials.gov/show/NCT04286503	NCT04286503	2021-02-01	FALSE	FALSE	FALSE	FALSE	FALSE	TRUE		control	defined_soc	NULL	NULL	NULL	NULL
674	tri03289	NCT04328285	ClinicalTrials.gov	Chemoprophylaxis of SARS-CoV-2 Infection (COVID-19) in Exposed Healthcare Workers	https://clinicaltrials.gov/show/NCT04328285	NCT04328285; EUCTR2020-001188-96	2021-03-01	FALSE	FALSE	FALSE	FALSE	FALSE	TRUE		experimental	NULL	NULL	drug	Hydroxychloroquine	no
674	tri03289	NCT04328285	ClinicalTrials.gov	Chemoprophylaxis of SARS-CoV-2 Infection (COVID-19) in Exposed Healthcare Workers	https://clinicaltrials.gov/show/NCT04328285	NCT04328285; EUCTR2020-001188-96	2021-03-01	FALSE	FALSE	FALSE	FALSE	FALSE	TRUE		experimental	NULL	NULL	drug	Lopinavir;Ritonavir	no
674	tri03289	NCT04328285	ClinicalTrials.gov	Chemoprophylaxis of SARS-CoV-2 Infection (COVID-19) in Exposed Healthcare Workers	https://clinicaltrials.gov/show/NCT04328285	NCT04328285; EUCTR2020-001188-96	2021-03-01	FALSE	FALSE	FALSE	FALSE	FALSE	TRUE		control	placebo	no	NULL	NULL	NULL
715	tri07193	NCT04664010	ClinicalTrials.gov	Efficacy and Safety of High-dose Vitamin C Combined With Chinese Medicine Against Coronavirus Pneumonia (COVID-19)	https://clinicaltrials.gov/show/NCT04664010	NCT04664010	2021-01-01	FALSE	FALSE	FALSE	FALSE	FALSE	TRUE		control	defined_soc	NULL	NULL	NULL	NULL
715	tri07193	NCT04664010	ClinicalTrials.gov	Efficacy and Safety of High-dose Vitamin C Combined With Chinese Medicine Against Coronavirus Pneumonia (COVID-19)	https://clinicaltrials.gov/show/NCT04664010	NCT04664010	2021-01-01	FALSE	FALSE	FALSE	FALSE	FALSE	TRUE		experimental	NULL	NULL	multiple	Traditional Medicine;Vitamin C	defined_soc
715	tri07193	NCT04664010	ClinicalTrials.gov	Efficacy and Safety of High-dose Vitamin C Combined With Chinese Medicine Against Coronavirus Pneumonia (COVID-19)	https://clinicaltrials.gov/show/NCT04664010	NCT04664010	2021-01-01	FALSE	FALSE	FALSE	FALSE	FALSE	TRUE		experimental	NULL	NULL	traditional_medicine	Traditional Medicine	defined_soc
758	tri07965	NCT04768179	ClinicalTrials.gov	Safety & Efficacy of Low Dose Aspirin / Ivermectin Combination Therapy for Treatment of Covid-19 Patients	https://clinicaltrials.gov/show/NCT04768179	NCT04768179	2021-06-01	FALSE	FALSE	FALSE	FALSE		TRUE		control	undefined_soc	NULL	NULL	NULL	NULL
758	tri07965	NCT04768179	ClinicalTrials.gov	Safety & Efficacy of Low Dose Aspirin / Ivermectin Combination Therapy for Treatment of Covid-19 Patients	https://clinicaltrials.gov/show/NCT04768179	NCT04768179	2021-06-01	FALSE	FALSE	FALSE	FALSE		TRUE		experimental	NULL	NULL	drug	Aspirin;Ivermectin	undefined_soc
758	tri07965	NCT04768179	ClinicalTrials.gov	Safety & Efficacy of Low Dose Aspirin / Ivermectin Combination Therapy for Treatment of Covid-19 Patients	https://clinicaltrials.gov/show/NCT04768179	NCT04768179	2021-06-01	FALSE	FALSE	FALSE	FALSE		TRUE		experimental	NULL	NULL	drug	Aspirin;Ivermectin	undefined_soc
794	tri05726	NCT04476979	ClinicalTrials.gov	Comparison of Tocilizumab Plus Dexamethasone vs. Dexamethasone for Patients With Covid-19	https://clinicaltrials.gov/show/NCT04476979	NCT04476979; EUCTR2020-001246-18	2021-06-01	FALSE	FALSE	FALSE	FALSE	FALSE	TRUE		experimental	NULL	NULL	biologics	Tocilizumab	defined_soc
794	tri05726	NCT04476979	ClinicalTrials.gov	Comparison of Tocilizumab Plus Dexamethasone vs. Dexamethasone for Patients With Covid-19	https://clinicaltrials.gov/show/NCT04476979	NCT04476979; EUCTR2020-001246-18	2021-06-01	FALSE	FALSE	FALSE	FALSE	FALSE	TRUE		control	defined_soc	NULL	NULL	NULL	NULL
796	tri08607	ISRCTN18304314	ISRCTN	Effect of convalescent plasma therapy on intensive care unit (ICU) deaths from COVID-19 in Suriname	http://www.isrctn.com/ISRCTN18304314	ISRCTN18304314	2021-01-01	FALSE	FALSE	FALSE	FALSE		TRUE		experimental	NULL	NULL	biologics	Convalescent Plasma	undefined_soc
796	tri08607	ISRCTN18304314	ISRCTN	Effect of convalescent plasma therapy on intensive care unit (ICU) deaths from COVID-19 in Suriname	http://www.isrctn.com/ISRCTN18304314	ISRCTN18304314	2021-01-01	FALSE	FALSE	FALSE	FALSE		TRUE		control	defined_soc	NULL	NULL	NULL	NULL
816	tri03264	NCT04432272	ClinicalTrials.gov	ANTIBODY-LEVEL BASED ANALYSIS OF COVID-19 CONVALESCENT SERUM (ABACCuS)	https://clinicaltrials.gov/show/NCT04432272	NCT04432272	2020-11-01	FALSE	FALSE	FALSE	FALSE	FALSE	TRUE		experimental	NULL	NULL	biologics	Convalescent Plasma	no
832	tri07070	NCT04640168	ClinicalTrials.gov	Adaptive COVID-19 Treatment Trial 4 (ACTT-4)	https://clinicaltrials.gov/show/NCT04640168	NCT04640168	2021-05-01	FALSE	FALSE	FALSE	FALSE	FALSE	TRUE		experimental	NULL	NULL	drug	Baricitinib	defined_soc
832	tri07070	NCT04640168	ClinicalTrials.gov	Adaptive COVID-19 Treatment Trial 4 (ACTT-4)	https://clinicaltrials.gov/show/NCT04640168	NCT04640168	2021-05-01	FALSE	FALSE	FALSE	FALSE	FALSE	TRUE		experimental	NULL	NULL	drug	Dexamethasone	defined_soc
860	tri10125	NCT04701658	ClinicalTrials.gov	A Real World Study of Bamlanivimab in Participants With Mild-to-moderate Coronavirus Disease 2019 (COVID-19)	https://clinicaltrials.gov/show/NCT04701658	NCT04701658	2021-06-01	FALSE	FALSE	FALSE	FALSE		TRUE		experimental	NULL	NULL	biologics	Bamlanivimab	no
871	tri00055	ChiCTR2000029742	ChiCTR	A randomized, parallel controlled trial for the efficacy and safety of Sodium Aescinate Injection in the treatment of patients with pneumonia (COVID-19)	http://www.chictr.org.cn/showprojen.aspx?proj=49297	ChiCTR2000029742	2020-12-01	FALSE	FALSE	FALSE	FALSE	TRUE	TRUE		experimental	NULL	NULL	drug	Sodium Aescinate	undefined_soc
871	tri00055	ChiCTR2000029742	ChiCTR	A randomized, parallel controlled trial for the efficacy and safety of Sodium Aescinate Injection in the treatment of patients with pneumonia (COVID-19)	http://www.chictr.org.cn/showprojen.aspx?proj=49297	ChiCTR2000029742	2020-12-01	FALSE	FALSE	FALSE	FALSE	TRUE	TRUE		experimental	NULL	NULL	drug	Corticosteroids (Unspecified)	undefined_soc
871	tri00055	ChiCTR2000029742	ChiCTR	A randomized, parallel controlled trial for the efficacy and safety of Sodium Aescinate Injection in the treatment of patients with pneumonia (COVID-19)	http://www.chictr.org.cn/showprojen.aspx?proj=49297	ChiCTR2000029742	2020-12-01	FALSE	FALSE	FALSE	FALSE	TRUE	TRUE		control	undefined_soc	NULL	NULL	NULL	NULL
890	tri00177	ChiCTR2000029974	ChiCTR	A prospective, multicenter, open-label, randomized, parallel-controlled trial for probiotics to evaluate efficacy and safety in patients infected with 2019 novel coronavirus pneumonia (COVID-19)	http://www.chictr.org.cn/showprojen.aspx?proj=49321	ChiCTR2000029974	2020-08-01	FALSE	FALSE	FALSE	FALSE	TRUE	TRUE		experimental	NULL	NULL	nutritional_supplement	Probiotic	no
890	tri00177	ChiCTR2000029974	ChiCTR	A prospective, multicenter, open-label, randomized, parallel-controlled trial for probiotics to evaluate efficacy and safety in patients infected with 2019 novel coronavirus pneumonia (COVID-19)	http://www.chictr.org.cn/showprojen.aspx?proj=49321	ChiCTR2000029974	2020-08-01	FALSE	FALSE	FALSE	FALSE	TRUE	TRUE		control	undefined_soc	NULL	NULL	NULL	NULL
910	tri00529	ChiCTR2000029573	ChiCTR	A multicenter, randomized, open, controlled clinical study to evaluate the efficacy and safety of recombinant cytokine gene-derived protein injection in combination with standard therapy in patients with novel coronavirus infection	http://www.chictr.org.cn/showprojen.aspx?proj=49065	ChiCTR2000029573	2020-06-01	FALSE	FALSE	FALSE	FALSE	TRUE	TRUE		experimental	NULL	NULL	biologics	Novaferon	defined_soc
910	tri00529	ChiCTR2000029573	ChiCTR	A multicenter, randomized, open, controlled clinical study to evaluate the efficacy and safety of recombinant cytokine gene-derived protein injection in combination with standard therapy in patients with novel coronavirus infection	http://www.chictr.org.cn/showprojen.aspx?proj=49065	ChiCTR2000029573	2020-06-01	FALSE	FALSE	FALSE	FALSE	TRUE	TRUE		control	defined_soc	NULL	NULL	NULL	NULL
917	tri00822	ChiCTR2000031944	ChiCTR	Efficacy of Chinese Herbal Tea in the Prevention of Novel Coronavirus Pneumonia (COVID-19): a Randomized Controlled Trial	http://www.chictr.org.cn/showprojen.aspx?proj=52414	ChiCTR2000031944	2020-12-01	FALSE	FALSE	FALSE	FALSE	TRUE	TRUE		control	placebo	no	NULL	NULL	NULL
917	tri00822	ChiCTR2000031944	ChiCTR	Efficacy of Chinese Herbal Tea in the Prevention of Novel Coronavirus Pneumonia (COVID-19): a Randomized Controlled Trial	http://www.chictr.org.cn/showprojen.aspx?proj=52414	ChiCTR2000031944	2020-12-01	FALSE	FALSE	FALSE	FALSE	TRUE	TRUE		experimental	NULL	NULL	traditional_medicine	Traditional Medicine	no
931	tri04236	EUCTR2020-002456-21	EU Clinical Trials Register	Boosting the BCG-induced immunity response by addition of bisphosphonate or MMR vaccine: a possible preventive approach against the coronavirus (BCG-PLUS)	https://www.clinicaltrialsregister.eu/ctr-search/search?query=eudract_number:2020-002456-21	EUCTR2020-002456-21	2020-09-01	FALSE	FALSE	FALSE	FALSE	TRUE	TRUE		experimental	NULL	NULL	vaccine_non_covid	Measles Mumps and Rubella vaccine	defined_soc
931	tri04236	EUCTR2020-002456-21	EU Clinical Trials Register	Boosting the BCG-induced immunity response by addition of bisphosphonate or MMR vaccine: a possible preventive approach against the coronavirus (BCG-PLUS)	https://www.clinicaltrialsregister.eu/ctr-search/search?query=eudract_number:2020-002456-21	EUCTR2020-002456-21	2020-09-01	FALSE	FALSE	FALSE	FALSE	TRUE	TRUE		experimental	NULL	NULL	drug	Alendronic Acid	defined_soc
931	tri04236	EUCTR2020-002456-21	EU Clinical Trials Register	Boosting the BCG-induced immunity response by addition of bisphosphonate or MMR vaccine: a possible preventive approach against the coronavirus (BCG-PLUS)	https://www.clinicaltrialsregister.eu/ctr-search/search?query=eudract_number:2020-002456-21	EUCTR2020-002456-21	2020-09-01	FALSE	FALSE	FALSE	FALSE	TRUE	TRUE		control	placebo	no	NULL	NULL	NULL
939	tri00192	NCT04273581	ClinicalTrials.gov	The Efficacy and Safety of Thalidomide Combined With Low-dose Hormones in the Treatment of Severe COVID-19	https://clinicaltrials.gov/show/NCT04273581	NCT04273581	2020-04-01	FALSE	FALSE	FALSE	FALSE	TRUE	TRUE		experimental	NULL	NULL	drug	thalidomide	defined_soc
939	tri00192	NCT04273581	ClinicalTrials.gov	The Efficacy and Safety of Thalidomide Combined With Low-dose Hormones in the Treatment of Severe COVID-19	https://clinicaltrials.gov/show/NCT04273581	NCT04273581	2020-04-01	FALSE	FALSE	FALSE	FALSE	TRUE	TRUE		control	defined_soc	NULL	NULL	NULL	NULL
943	tri02933	NCT04315298	ClinicalTrials.gov	Evaluation of the Efficacy and Safety of Sarilumab in Hospitalized Patients With COVID-19	https://clinicaltrials.gov/show/NCT04315298	NCT04315298	2020-07-01	FALSE	FALSE	FALSE	FALSE	TRUE	TRUE		control	placebo	no	NULL	NULL	NULL
943	tri02933	NCT04315298	ClinicalTrials.gov	Evaluation of the Efficacy and Safety of Sarilumab in Hospitalized Patients With COVID-19	https://clinicaltrials.gov/show/NCT04315298	NCT04315298	2020-07-01	FALSE	FALSE	FALSE	FALSE	TRUE	TRUE		experimental	NULL	NULL	biologics	Sarilumab	no
964	tri03042	NCT04345861	ClinicalTrials.gov	Hydroxychloroquine Plus Azithromycin Versus Hydroxychloroquine for COVID-19 Pneumonia (COVIDOC Trial)	https://clinicaltrials.gov/show/NCT04345861	NCT04345861	2020-06-01	FALSE	FALSE	FALSE	FALSE	TRUE	TRUE		experimental	NULL	NULL	drug	Azithromycin	defined_soc
964	tri03042	NCT04345861	ClinicalTrials.gov	Hydroxychloroquine Plus Azithromycin Versus Hydroxychloroquine for COVID-19 Pneumonia (COVIDOC Trial)	https://clinicaltrials.gov/show/NCT04345861	NCT04345861	2020-06-01	FALSE	FALSE	FALSE	FALSE	TRUE	TRUE		control	defined_soc	NULL	NULL	NULL	NULL
968	tri01291	NCT04352465	ClinicalTrials.gov	Efficacy and Safety of MTX-loaded Nanoparticles to Treat Severe COVID-19 Patients	https://clinicaltrials.gov/show/NCT04352465	NCT04352465	2020-06-01	FALSE	FALSE	FALSE	FALSE	TRUE	TRUE		experimental	NULL	NULL	drug	Methotrexate	no
968	tri01291	NCT04352465	ClinicalTrials.gov	Efficacy and Safety of MTX-loaded Nanoparticles to Treat Severe COVID-19 Patients	https://clinicaltrials.gov/show/NCT04352465	NCT04352465	2020-06-01	FALSE	FALSE	FALSE	FALSE	TRUE	TRUE		experimental	NULL	NULL	drug	Methotrexate	no
968	tri01291	NCT04352465	ClinicalTrials.gov	Efficacy and Safety of MTX-loaded Nanoparticles to Treat Severe COVID-19 Patients	https://clinicaltrials.gov/show/NCT04352465	NCT04352465	2020-06-01	FALSE	FALSE	FALSE	FALSE	TRUE	TRUE		experimental	NULL	NULL	drug	Methotrexate	no
969	tri01897	NCT04352933	ClinicalTrials.gov	PROLIFIC ChemoprophylaxisTrial (COVID-19)	https://clinicaltrials.gov/show/NCT04352933	NCT04352933; EUCTR2020-001331-26	2020-10-01	FALSE	FALSE	FALSE	FALSE	TRUE	TRUE		control	placebo	no	NULL	NULL	NULL
969	tri01897	NCT04352933	ClinicalTrials.gov	PROLIFIC ChemoprophylaxisTrial (COVID-19)	https://clinicaltrials.gov/show/NCT04352933	NCT04352933; EUCTR2020-001331-26	2020-10-01	FALSE	FALSE	FALSE	FALSE	TRUE	TRUE		experimental	NULL	NULL	drug	Hydroxychloroquine	no
969	tri01897	NCT04352933	ClinicalTrials.gov	PROLIFIC ChemoprophylaxisTrial (COVID-19)	https://clinicaltrials.gov/show/NCT04352933	NCT04352933; EUCTR2020-001331-26	2020-10-01	FALSE	FALSE	FALSE	FALSE	TRUE	TRUE		experimental	NULL	NULL	drug	Hydroxychloroquine	no
990	tri05383	NCT04371107	ClinicalTrials.gov	Proactive Care of Ambulatory COVID19 Patients	https://clinicaltrials.gov/show/NCT04371107	NCT04371107	2020-06-01	FALSE	FALSE	FALSE	FALSE	TRUE	TRUE		control	undefined_soc	NULL	NULL	NULL	NULL
990	tri05383	NCT04371107	ClinicalTrials.gov	Proactive Care of Ambulatory COVID19 Patients	https://clinicaltrials.gov/show/NCT04371107	NCT04371107	2020-06-01	FALSE	FALSE	FALSE	FALSE	TRUE	TRUE		experimental	NULL	NULL	drug	Azithromycin	undefined_soc
1016	tri02643	NCT04416113	ClinicalTrials.gov	Photodynamic Therapy for the Treatment of COVID-19	https://clinicaltrials.gov/show/NCT04416113	NCT04416113	2020-12-01	FALSE	FALSE	FALSE	FALSE	TRUE	TRUE		experimental	NULL	NULL	procedure	photobiomodulation therapy (PBMT)	no
1016	tri02643	NCT04416113	ClinicalTrials.gov	Photodynamic Therapy for the Treatment of COVID-19	https://clinicaltrials.gov/show/NCT04416113	NCT04416113	2020-12-01	FALSE	FALSE	FALSE	FALSE	TRUE	TRUE		experimental	NULL	NULL	procedure	photodynamic therapy	no
1016	tri02643	NCT04416113	ClinicalTrials.gov	Photodynamic Therapy for the Treatment of COVID-19	https://clinicaltrials.gov/show/NCT04416113	NCT04416113	2020-12-01	FALSE	FALSE	FALSE	FALSE	TRUE	TRUE		control	undefined_soc	NULL	NULL	NULL	NULL
1020	tri03502	NCT04434248	ClinicalTrials.gov	An Adaptive Study of Favipiravir Compared to Standard of Care in Hospitalized Patients With COVID-19	https://clinicaltrials.gov/show/NCT04434248	NCT04434248	2020-07-01	FALSE	FALSE	FALSE	FALSE	TRUE	TRUE		experimental	NULL	NULL	drug	Favipiravir	no
1020	tri03502	NCT04434248	ClinicalTrials.gov	An Adaptive Study of Favipiravir Compared to Standard of Care in Hospitalized Patients With COVID-19	https://clinicaltrials.gov/show/NCT04434248	NCT04434248	2020-07-01	FALSE	FALSE	FALSE	FALSE	TRUE	TRUE		control	undefined_soc	NULL	NULL	NULL	NULL
1022	tri03516	NCT04435353	ClinicalTrials.gov	Assessment of the Effectiveness of Vibroacoustic Therapy for Respiratory Failure Caused by COVID 19	https://clinicaltrials.gov/show/NCT04435353	NCT04435353	2020-12-01	FALSE	FALSE	FALSE	FALSE	TRUE	TRUE		experimental	NULL	NULL	procedure	vibroacoustic device	no
1033	tri05582	NCT04463420	ClinicalTrials.gov	Safety and Efficacy of PHR 160 Spray on the Outcomes of Patients With COVID-19	https://clinicaltrials.gov/show/NCT04463420	IRCT20200731048257N1; NCT04463420	2020-11-01	FALSE	FALSE	FALSE	FALSE	TRUE	TRUE		experimental	NULL	NULL	traditional_medicine	Traditional Medicine	defined_soc
1033	tri05582	NCT04463420	ClinicalTrials.gov	Safety and Efficacy of PHR 160 Spray on the Outcomes of Patients With COVID-19	https://clinicaltrials.gov/show/NCT04463420	IRCT20200731048257N1; NCT04463420	2020-11-01	FALSE	FALSE	FALSE	FALSE	TRUE	TRUE		control	defined_soc	NULL	NULL	NULL	NULL
1039	tri05750	NCT04479358	ClinicalTrials.gov	Low-dose Tocilizumab Versus Standard of Care in Hospitalized Patients With COVID-19	https://clinicaltrials.gov/show/NCT04479358	NCT04479358	2020-12-01	FALSE	FALSE	FALSE	FALSE	TRUE	TRUE		control	undefined_soc	NULL	NULL	NULL	NULL
1039	tri05750	NCT04479358	ClinicalTrials.gov	Low-dose Tocilizumab Versus Standard of Care in Hospitalized Patients With COVID-19	https://clinicaltrials.gov/show/NCT04479358	NCT04479358	2020-12-01	FALSE	FALSE	FALSE	FALSE	TRUE	TRUE		experimental	NULL	NULL	biologics	Tocilizumab	no
1039	tri05750	NCT04479358	ClinicalTrials.gov	Low-dose Tocilizumab Versus Standard of Care in Hospitalized Patients With COVID-19	https://clinicaltrials.gov/show/NCT04479358	NCT04479358	2020-12-01	FALSE	FALSE	FALSE	FALSE	TRUE	TRUE		experimental	NULL	NULL	biologics	Tocilizumab	no
1039	tri05750	NCT04479358	ClinicalTrials.gov	Low-dose Tocilizumab Versus Standard of Care in Hospitalized Patients With COVID-19	https://clinicaltrials.gov/show/NCT04479358	NCT04479358	2020-12-01	FALSE	FALSE	FALSE	FALSE	TRUE	TRUE		experimental	NULL	NULL	biologics	Tocilizumab	no
1048	tri06316	NCT04549376	ClinicalTrials.gov	Virucidal Effect of Povidone Iodine on COVID-19 In-Vivo	https://clinicaltrials.gov/show/NCT04549376	NCT04549376	2020-10-01	FALSE	FALSE	FALSE	FALSE	TRUE	TRUE		experimental	NULL	NULL	drug	Povidone-iodine	no
1048	tri06316	NCT04549376	ClinicalTrials.gov	Virucidal Effect of Povidone Iodine on COVID-19 In-Vivo	https://clinicaltrials.gov/show/NCT04549376	NCT04549376	2020-10-01	FALSE	FALSE	FALSE	FALSE	TRUE	TRUE		experimental	NULL	NULL	drug	Povidone-iodine	no
1048	tri06316	NCT04549376	ClinicalTrials.gov	Virucidal Effect of Povidone Iodine on COVID-19 In-Vivo	https://clinicaltrials.gov/show/NCT04549376	NCT04549376	2020-10-01	FALSE	FALSE	FALSE	FALSE	TRUE	TRUE		control	placebo	no	NULL	NULL	NULL
1054	tri06631	NCT04597034	ClinicalTrials.gov	Efficacy and Safety of a Highly Selective Semipermeable Membrane (AN-69 Oxiris) vs (Standard AN-69) in COVID-19	https://clinicaltrials.gov/show/NCT04597034	NCT04597034	2021-12-01	FALSE	FALSE	FALSE	FALSE	TRUE	TRUE		experimental	NULL	NULL	device	AN69-Oxiris Membrane	no
1054	tri06631	NCT04597034	ClinicalTrials.gov	Efficacy and Safety of a Highly Selective Semipermeable Membrane (AN-69 Oxiris) vs (Standard AN-69) in COVID-19	https://clinicaltrials.gov/show/NCT04597034	NCT04597034	2021-12-01	FALSE	FALSE	FALSE	FALSE	TRUE	TRUE		experimental	NULL	NULL	device	AN69-Standard Membrane	no
1075	tri04562	CTRI/2020/05/025385	CTRI	Research study to evaluate the impact of Selected Ayurvedic interventions in containment zone	http://www.ctri.nic.in/Clinicaltrials/pmaindet2.php?trialid=43953	CTRI/2020/05/025385	2020-08-01	FALSE	FALSE	FALSE	FALSE	TRUE	TRUE		experimental	NULL	NULL	traditional_medicine	Traditional Medicine	no
1075	tri04562	CTRI/2020/05/025385	CTRI	Research study to evaluate the impact of Selected Ayurvedic interventions in containment zone	http://www.ctri.nic.in/Clinicaltrials/pmaindet2.php?trialid=43953	CTRI/2020/05/025385	2020-08-01	FALSE	FALSE	FALSE	FALSE	TRUE	TRUE		control	no_treatment	NULL	NULL	NULL	NULL
1097	tri02468	NCT04363827	ClinicalTrials.gov	Protect: Study With Hydroxychloroquine for Prevention and Early Phase Treatment of Coronavirus Disease (COVID-19)	https://clinicaltrials.gov/show/NCT04363827	NCT04363827; EUCTR2020-001501-24	2021-06-01	FALSE	FALSE	FALSE	FALSE	TRUE	TRUE		experimental	NULL	NULL	drug	Hydroxychloroquine	no
1097	tri02468	NCT04363827	ClinicalTrials.gov	Protect: Study With Hydroxychloroquine for Prevention and Early Phase Treatment of Coronavirus Disease (COVID-19)	https://clinicaltrials.gov/show/NCT04363827	NCT04363827; EUCTR2020-001501-24	2021-06-01	FALSE	FALSE	FALSE	FALSE	TRUE	TRUE		experimental	NULL	NULL	drug	Hydroxychloroquine	no
1097	tri02468	NCT04363827	ClinicalTrials.gov	Protect: Study With Hydroxychloroquine for Prevention and Early Phase Treatment of Coronavirus Disease (COVID-19)	https://clinicaltrials.gov/show/NCT04363827	NCT04363827; EUCTR2020-001501-24	2021-06-01	FALSE	FALSE	FALSE	FALSE	TRUE	TRUE		control	no_treatment	NULL	NULL	NULL	NULL
1105	tri05599	NCT04465604	ClinicalTrials.gov	Hypertonic Saline for COVID-19 Symptoms	https://clinicaltrials.gov/show/NCT04465604	NCT04465604	2021-11-01	FALSE	FALSE	FALSE	FALSE	TRUE	FALSE		experimental	NULL	NULL	drug	Hypertonic Saline	no
1107	tri00808	ACTRN12620000473965	ANZCTR	Reducing acute severe respiratory events in health care workers during the Covid-19 pandemic with OM85	https://anzctr.org.au/ACTRN12620000473965.aspx	ACTRN12620000473965	2020-09-01	FALSE	FALSE	FALSE	FALSE	TRUE	TRUE		experimental	NULL	NULL	drug	Broncho-Vaxom adult capsules (OM85)	no
1107	tri00808	ACTRN12620000473965	ANZCTR	Reducing acute severe respiratory events in health care workers during the Covid-19 pandemic with OM85	https://anzctr.org.au/ACTRN12620000473965.aspx	ACTRN12620000473965	2020-09-01	FALSE	FALSE	FALSE	FALSE	TRUE	TRUE		control	no_treatment	NULL	NULL	NULL	NULL
1141	tri01289	NCT04349631	ClinicalTrials.gov	A Clinical Trial to Determine the Safety and Efficacy of Hope Biosciences Autologous Mesenchymal Stem Cell Therapy (HB-adMSCs) to Provide Protection Against COVID-19	https://clinicaltrials.gov/show/NCT04349631	NCT04349631	2020-11-01	FALSE	FALSE	FALSE	FALSE	TRUE	TRUE		experimental	NULL	NULL	biologics	Stem Cells (Mesenchymal)	no
1195	tri07276	NCT04323527	ClinicalTrials.gov	Chloroquine Diphosphate for the Treatment of Severe Acute Respiratory Syndrome Secondary to SARS-CoV2 (CloroCOVID19)	https://clinicaltrials.gov/ct2/show/NCT04323527	NCT04323527	2020-05-01	FALSE	FALSE	FALSE	FALSE	TRUE			experimental	NULL	NULL	drug	Chloroquine	no
1195	tri07276	NCT04323527	ClinicalTrials.gov	Chloroquine Diphosphate for the Treatment of Severe Acute Respiratory Syndrome Secondary to SARS-CoV2 (CloroCOVID19)	https://clinicaltrials.gov/ct2/show/NCT04323527	NCT04323527	2020-05-01	FALSE	FALSE	FALSE	FALSE	TRUE			control	placebo	no	NULL	NULL	NULL
1197	tri02914	RPCEC00000313	RPCEC	CIGB-258 at COVID-19	https://rpcec.sld.cu/en/trials/RPCEC00000313-En	RPCEC00000313	2020-04-01	FALSE	FALSE	FALSE	FALSE	TRUE	TRUE		experimental	NULL	NULL	biologics	CIGB-258 peptide	no
1229	tri01004	NCT04350684	ClinicalTrials.gov	Umifenovir in Hospitalized COVID-19 Patients	https://clinicaltrials.gov/show/NCT04350684	NCT04350684	2020-04-01	FALSE	FALSE	FALSE	FALSE	TRUE	TRUE		experimental	NULL	NULL	drug	Umifenovir	defined_soc
1229	tri01004	NCT04350684	ClinicalTrials.gov	Umifenovir in Hospitalized COVID-19 Patients	https://clinicaltrials.gov/show/NCT04350684	NCT04350684	2020-04-01	FALSE	FALSE	FALSE	FALSE	TRUE	TRUE		control	defined_soc	NULL	NULL	NULL	NULL
1240	tri03419	NCT04402866	ClinicalTrials.gov	TD-0903 for ALI Associated With COVID-19	https://clinicaltrials.gov/show/NCT04402866	NCT04402866; EUCTR2020-001807-18	2021-04-01	FALSE	FALSE	FALSE	FALSE	TRUE			experimental	NULL	NULL	drug	TD-0903	no
1240	tri03419	NCT04402866	ClinicalTrials.gov	TD-0903 for ALI Associated With COVID-19	https://clinicaltrials.gov/show/NCT04402866	NCT04402866; EUCTR2020-001807-18	2021-04-01	FALSE	FALSE	FALSE	FALSE	TRUE			control	placebo	no	NULL	NULL	NULL
1254	tri06018	NCT04512027	ClinicalTrials.gov	Prolectin-M in COVID-19 Patients Having Mild to Moderate Symptoms Not Requiring Oxygen Support.	https://clinicaltrials.gov/show/NCT04512027	NCT04512027; CTRI/2020/09/027833	2020-09-01	FALSE	FALSE	FALSE	FALSE	TRUE	TRUE		experimental	NULL	NULL	drug	Prolectin-M	undefined_soc
1254	tri06018	NCT04512027	ClinicalTrials.gov	Prolectin-M in COVID-19 Patients Having Mild to Moderate Symptoms Not Requiring Oxygen Support.	https://clinicaltrials.gov/show/NCT04512027	NCT04512027; CTRI/2020/09/027833	2020-09-01	FALSE	FALSE	FALSE	FALSE	TRUE	TRUE		control	undefined_soc	NULL	NULL	NULL	NULL
1260	tri07212	NCT04666233	ClinicalTrials.gov	Personal Protective Equipment for the Prevention of SARS-Cov-2 During Neonatal Resuscitation	https://clinicaltrials.gov/show/NCT04666233	NCT04666233	2021-03-01	FALSE	FALSE	FALSE	FALSE	TRUE			experimental	NULL	NULL	device	Personal protective equipment (PPE)	no
1260	tri07212	NCT04666233	ClinicalTrials.gov	Personal Protective Equipment for the Prevention of SARS-Cov-2 During Neonatal Resuscitation	https://clinicaltrials.gov/show/NCT04666233	NCT04666233	2021-03-01	FALSE	FALSE	FALSE	FALSE	TRUE			control	no_treatment	NULL	NULL	NULL	NULL
1269	tri00842	EUCTR2020-001765-37	EU Clinical Trials Register	Pragmatic clinical trial of hydroxychloroquine in the treatment of oncohematological patients and health professionals with COVID-19 infection without radiological alteration.	https://www.clinicaltrialsregister.eu/ctr-search/search?query=eudract_number:2020-001765-37	EUCTR2020-001765-37	2020-06-01	FALSE	FALSE	FALSE	FALSE	TRUE	TRUE		experimental	NULL	NULL	drug	Hydroxychloroquine	no
1283	tri03350	NCT04365101	ClinicalTrials.gov	Natural Killer Cell (CYNK-001) Infusions in Adults With COVID-19	https://clinicaltrials.gov/show/NCT04365101	NCT04365101	2021-12-01	FALSE	FALSE	FALSE	FALSE	TRUE	FALSE		experimental	NULL	NULL	biologics	NK cells	no
1283	tri03350	NCT04365101	ClinicalTrials.gov	Natural Killer Cell (CYNK-001) Infusions in Adults With COVID-19	https://clinicaltrials.gov/show/NCT04365101	NCT04365101	2021-12-01	FALSE	FALSE	FALSE	FALSE	TRUE	FALSE		control	undefined_soc	NULL	NULL	NULL	NULL
1300	tri01280	NCT04329923	ClinicalTrials.gov	The PATCH Trial (Prevention And Treatment of COVID-19 With Hydroxychloroquine)	https://clinicaltrials.gov/show/NCT04329923	NCT04329923	2020-11-01	FALSE	FALSE	FALSE	FALSE	TRUE	TRUE		experimental	NULL	NULL	drug	Hydroxychloroquine	no
1300	tri01280	NCT04329923	ClinicalTrials.gov	The PATCH Trial (Prevention And Treatment of COVID-19 With Hydroxychloroquine)	https://clinicaltrials.gov/show/NCT04329923	NCT04329923	2020-11-01	FALSE	FALSE	FALSE	FALSE	TRUE	TRUE		control	placebo	no	NULL	NULL	NULL
1312	tri02586	NCT04372589	ClinicalTrials.gov	Antithrombotic Therapy to Ameliorate Complications of COVID-19 (ATTACC)	https://clinicaltrials.gov/show/NCT04372589	NCT04372589	2021-05-01	FALSE	FALSE	FALSE	FALSE	TRUE	TRUE		experimental	NULL	NULL	drug	Low molecular weight heparin (LMWH);Unfractionated heparin	no
1312	tri02586	NCT04372589	ClinicalTrials.gov	Antithrombotic Therapy to Ameliorate Complications of COVID-19 (ATTACC)	https://clinicaltrials.gov/show/NCT04372589	NCT04372589	2021-05-01	FALSE	FALSE	FALSE	FALSE	TRUE	TRUE		control	undefined_soc	NULL	NULL	NULL	NULL
1340	tri00227	ChiCTR2000030265	ChiCTR	Study for continuous renal replacement therapy with adsorption filter in the treatment of the novel coronavirus pneumonia (COVID-19)	http://www.chictr.org.cn/showprojen.aspx?proj=49691	ChiCTR2000030265	2021-02-01	FALSE	FALSE	FALSE	FALSE	FALSE	TRUE		experimental	NULL	NULL	procedure	Continuous renal replacement therapy	no
1340	tri00227	ChiCTR2000030265	ChiCTR	Study for continuous renal replacement therapy with adsorption filter in the treatment of the novel coronavirus pneumonia (COVID-19)	http://www.chictr.org.cn/showprojen.aspx?proj=49691	ChiCTR2000030265	2021-02-01	FALSE	FALSE	FALSE	FALSE	FALSE	TRUE		control	undefined_soc	NULL	NULL	NULL	NULL
1416	tri02291	NCT04400929	ClinicalTrials.gov	Using GM-CSF as a Host Directed Therapeutic Against COVID-19	https://clinicaltrials.gov/show/NCT04400929	NCT04400929	2021-06-01	FALSE	FALSE	FALSE	FALSE	FALSE	TRUE		experimental	NULL	NULL	drug	Sargramostim	undefined_soc
1416	tri02291	NCT04400929	ClinicalTrials.gov	Using GM-CSF as a Host Directed Therapeutic Against COVID-19	https://clinicaltrials.gov/show/NCT04400929	NCT04400929	2021-06-01	FALSE	FALSE	FALSE	FALSE	FALSE	TRUE		control	placebo	undefined_soc	NULL	NULL	NULL
1432	tri02581	NCT04359680	ClinicalTrials.gov	Trial to Evaluate the Efficacy and Safety of Nitazoxanide (NTZ) for Pre- and Post Exposure Prophylaxis of COVID-19 and Other Viral Respiratory Illnesses (VRI) in Healthcare Workers and Others at Increased Risk of SARS-CoV-2 Infection	https://clinicaltrials.gov/show/NCT04359680	NCT04359680	2021-03-01	FALSE	FALSE	FALSE	FALSE	FALSE	TRUE		experimental	NULL	NULL	drug	Nitazoxanide	no
1432	tri02581	NCT04359680	ClinicalTrials.gov	Trial to Evaluate the Efficacy and Safety of Nitazoxanide (NTZ) for Pre- and Post Exposure Prophylaxis of COVID-19 and Other Viral Respiratory Illnesses (VRI) in Healthcare Workers and Others at Increased Risk of SARS-CoV-2 Infection	https://clinicaltrials.gov/show/NCT04359680	NCT04359680	2021-03-01	FALSE	FALSE	FALSE	FALSE	FALSE	TRUE		control	placebo	no	NULL	NULL	NULL
1444	tri02970	NCT04401293	ClinicalTrials.gov	Full Dose Heparin Vs. Prophylactic Or Intermediate Dose Heparin in High Risk COVID-19 Patients	https://clinicaltrials.gov/show/NCT04401293	NCT04401293	2021-05-01	FALSE	FALSE	FALSE	FALSE	FALSE	TRUE		experimental	NULL	NULL	drug	Low molecular weight heparin (LMWH)	no
1444	tri02970	NCT04401293	ClinicalTrials.gov	Full Dose Heparin Vs. Prophylactic Or Intermediate Dose Heparin in High Risk COVID-19 Patients	https://clinicaltrials.gov/show/NCT04401293	NCT04401293	2021-05-01	FALSE	FALSE	FALSE	FALSE	FALSE	TRUE		control	defined_soc	NULL	NULL	NULL	NULL
1450	tri03051	NCT04353596	ClinicalTrials.gov	Stopping ACE-inhibitors in COVID-19	https://clinicaltrials.gov/show/NCT04353596	EUCTR2020-001206-35; NCT04353596	2021-02-01	TRUE	TRUE	FALSE	TRUE	FALSE	TRUE		experimental	NULL	NULL	drug	ACE Inhibitors;Angiotensin Receptor Blockers (ARB)	no
1450	tri03051	NCT04353596	ClinicalTrials.gov	Stopping ACE-inhibitors in COVID-19	https://clinicaltrials.gov/show/NCT04353596	EUCTR2020-001206-35; NCT04353596	2021-02-01	TRUE	TRUE	FALSE	TRUE	FALSE	TRUE		control	no_treatment	NULL	NULL	NULL	NULL
1455	tri03102	NCT04420299	ClinicalTrials.gov	Clinical Trial on the Efficacy and Safety of Bemiparin in Patients Hospitalized Because of COVID-19	https://clinicaltrials.gov/show/NCT04420299	EUCTR2020-001548-24; NCT04420299	2021-03-01	FALSE	FALSE	FALSE	FALSE	FALSE	TRUE		experimental	NULL	NULL	drug	Bemiparin sodium	no
1455	tri03102	NCT04420299	ClinicalTrials.gov	Clinical Trial on the Efficacy and Safety of Bemiparin in Patients Hospitalized Because of COVID-19	https://clinicaltrials.gov/show/NCT04420299	EUCTR2020-001548-24; NCT04420299	2021-03-01	FALSE	FALSE	FALSE	FALSE	FALSE	TRUE		control	defined_soc	NULL	NULL		NULL
1465	tri03306	NCT04344587	ClinicalTrials.gov	Awake Prone Position for Early Hypoxemia in COVID-19	https://clinicaltrials.gov/show/NCT04344587	NCT04344587	2021-05-01	FALSE	FALSE	FALSE	FALSE	FALSE	TRUE		experimental	NULL	NULL	other	Text message	no
1465	tri03306	NCT04344587	ClinicalTrials.gov	Awake Prone Position for Early Hypoxemia in COVID-19	https://clinicaltrials.gov/show/NCT04344587	NCT04344587	2021-05-01	FALSE	FALSE	FALSE	FALSE	FALSE	TRUE		control	no_treatment	NULL	NULL	NULL	NULL
1468	tri03337	NCT04360824	ClinicalTrials.gov	Covid-19 Associated Coagulopathy	https://clinicaltrials.gov/show/NCT04360824	NCT04360824	2021-04-01	FALSE	FALSE	FALSE	FALSE	FALSE	TRUE		experimental	NULL	NULL	drug	Enoxaparin	no
1468	tri03337	NCT04360824	ClinicalTrials.gov	Covid-19 Associated Coagulopathy	https://clinicaltrials.gov/show/NCT04360824	NCT04360824	2021-04-01	FALSE	FALSE	FALSE	FALSE	FALSE	TRUE		control	defined_soc	NULL	NULL	NULL	NULL
1471	tri03368	NCT04373707	ClinicalTrials.gov	Weight-Adjusted vs Fixed Low Doses of Low Molecular Weight Heparin For Venous Thromboembolism Prevention in COVID-19	https://clinicaltrials.gov/show/NCT04373707	EUCTR2020-001709-21; NCT04373707	2021-11-01	FALSE	FALSE	FALSE	FALSE	FALSE	TRUE		experimental	NULL	NULL	drug	Enoxaparin	no
1471	tri03368	NCT04373707	ClinicalTrials.gov	Weight-Adjusted vs Fixed Low Doses of Low Molecular Weight Heparin For Venous Thromboembolism Prevention in COVID-19	https://clinicaltrials.gov/show/NCT04373707	EUCTR2020-001709-21; NCT04373707	2021-11-01	FALSE	FALSE	FALSE	FALSE	FALSE	TRUE		control	defined_soc	NULL	NULL	NULL	NULL
1495	tri03718	NL8538	Netherlands Trial Register	Sleep position related to hospital length of stay in admitted COVID-19 patients	https://trialregister.nl/trial/8538	NL8538	2021-04-01	FALSE	FALSE	FALSE	FALSE	FALSE	TRUE		experimental	NULL	NULL	device	Sleep Position Trainer	no
1495	tri03718	NL8538	Netherlands Trial Register	Sleep position related to hospital length of stay in admitted COVID-19 patients	https://trialregister.nl/trial/8538	NL8538	2021-04-01	FALSE	FALSE	FALSE	FALSE	FALSE	TRUE		control	no_treatment	NULL	NULL	NULL	NULL
1600	tri06416	NCT04565665	ClinicalTrials.gov	Cord Blood-Derived Mesenchymal Stem Cells for the Treatment of COVID-19 Related Acute Respiratory Distress Syndrome	https://clinicaltrials.gov/show/NCT04565665	NCT04565665	2021-04-01	FALSE	FALSE	FALSE	FALSE	FALSE	TRUE		experimental	NULL	NULL	biologics	Stem Cells (Mesenchymal)	no
1600	tri06416	NCT04565665	ClinicalTrials.gov	Cord Blood-Derived Mesenchymal Stem Cells for the Treatment of COVID-19 Related Acute Respiratory Distress Syndrome	https://clinicaltrials.gov/show/NCT04565665	NCT04565665	2021-04-01	FALSE	FALSE	FALSE	FALSE	FALSE	TRUE		control	undefined_soc	NULL	NULL	NULL	NULL
1606	tri06523	NCT04581863	ClinicalTrials.gov	COVID-19 Watch + COVID-19 Pulse	https://clinicaltrials.gov/show/NCT04581863	NCT04581863	2021-02-01	FALSE	FALSE	FALSE	FALSE	FALSE	TRUE		control	defined_soc	NULL	NULL	NULL	NULL
1606	tri06523	NCT04581863	ClinicalTrials.gov	COVID-19 Watch + COVID-19 Pulse	https://clinicaltrials.gov/show/NCT04581863	NCT04581863	2021-02-01	FALSE	FALSE	FALSE	FALSE	FALSE	TRUE		experimental	NULL	NULL	device	pulse oximeter	defined_soc
1620	tri06681	NCT04604327	ClinicalTrials.gov	Comparison of Two Different Doses of Bemiparin in COVID-19	https://clinicaltrials.gov/show/NCT04604327	NCT04604327	2021-05-01	FALSE	FALSE	FALSE	FALSE	FALSE	TRUE		experimental	NULL	NULL	drug	Bemiparin sodium	no
1620	tri06681	NCT04604327	ClinicalTrials.gov	Comparison of Two Different Doses of Bemiparin in COVID-19	https://clinicaltrials.gov/show/NCT04604327	NCT04604327	2021-05-01	FALSE	FALSE	FALSE	FALSE	FALSE	TRUE		control	defined_soc	NULL	NULL	NULL	NULL
1654	tri06937	NCT04646655	ClinicalTrials.gov	Enoxaparin at Prophylactic or Therapeutic Doses in COVID-19	https://clinicaltrials.gov/show/NCT04646655	NCT04646655	2021-05-01	FALSE	FALSE	FALSE	FALSE	FALSE	TRUE		experimental	NULL	NULL	drug	Enoxaparin	no
1654	tri06937	NCT04646655	ClinicalTrials.gov	Enoxaparin at Prophylactic or Therapeutic Doses in COVID-19	https://clinicaltrials.gov/show/NCT04646655	NCT04646655	2021-05-01	FALSE	FALSE	FALSE	FALSE	FALSE	TRUE		control	defined_soc	NULL	NULL	NULL	NULL
1656	tri06952	NCT04456595	ClinicalTrials.gov	Clinical Trial of Efficacy and Safety of Sinovac's Adsorbed COVID-19 (Inactivated) Vaccine in Healthcare Professionals	https://clinicaltrials.gov/show/NCT04456595	NCT04456595	2020-12-01	FALSE	FALSE	FALSE	FALSE	FALSE	TRUE		experimental	NULL	NULL	vaccine_covid	Adsorbed COVID-19 Inactivated vaccine (Sinovac)	no
1656	tri06952	NCT04456595	ClinicalTrials.gov	Clinical Trial of Efficacy and Safety of Sinovac's Adsorbed COVID-19 (Inactivated) Vaccine in Healthcare Professionals	https://clinicaltrials.gov/show/NCT04456595	NCT04456595	2020-12-01	FALSE	FALSE	FALSE	FALSE	FALSE	TRUE		control	placebo	NULL	NULL	NULL	NULL
1728	tri08019	NCT04777981	ClinicalTrials.gov	(CBDRA60) to Prevent or Reduce Symptoms of COVID-19 and Prevention of Post-Acute Sequelae of SARS-CoV-2 Infection PASC	https://clinicaltrials.gov/show/NCT04777981	NCT04777981	2021-12-01	FALSE	FALSE	FALSE	FALSE		TRUE		experimental	NULL	NULL	drug	CBDRA60	no
1728	tri08019	NCT04777981	ClinicalTrials.gov	(CBDRA60) to Prevent or Reduce Symptoms of COVID-19 and Prevention of Post-Acute Sequelae of SARS-CoV-2 Infection PASC	https://clinicaltrials.gov/show/NCT04777981	NCT04777981	2021-12-01	FALSE	FALSE	FALSE	FALSE		TRUE		control	placebo	no	NULL	NULL	NULL
1738	tri08270	EUCTR2020-001251-41	EU Clinical Trials Register	STUDY TESTING THE VALUE OF IMATINIB IN PREVENTION OF COVID-19 IN AGED PATIENTS.	https://www.clinicaltrialsregister.eu/ctr-search/search?query=eudract_number:2020-001251-41	NCT04357613; EUCTR2020-001251-41	2021-01-01	FALSE	FALSE	FALSE	FALSE		TRUE		experimental	NULL	NULL	drug	imatinib	no
1738	tri08270	EUCTR2020-001251-41	EU Clinical Trials Register	STUDY TESTING THE VALUE OF IMATINIB IN PREVENTION OF COVID-19 IN AGED PATIENTS.	https://www.clinicaltrialsregister.eu/ctr-search/search?query=eudract_number:2020-001251-41	NCT04357613; EUCTR2020-001251-41	2021-01-01	FALSE	FALSE	FALSE	FALSE		TRUE		control	undefined_soc	NULL	NULL	NULL	NULL
1740	tri08314	NCT04802018	ClinicalTrials.gov	Clinical Decision Support System Based on Non-invasive Tele-monitoring of COVID-19 Patients	https://clinicaltrials.gov/show/NCT04802018	NCT04802018	2021-11-01	FALSE	FALSE	FALSE	FALSE		TRUE		experimental	NULL	NULL	device	Monitoring wearable	defined_soc
1740	tri08314	NCT04802018	ClinicalTrials.gov	Clinical Decision Support System Based on Non-invasive Tele-monitoring of COVID-19 Patients	https://clinicaltrials.gov/show/NCT04802018	NCT04802018	2021-11-01	FALSE	FALSE	FALSE	FALSE		TRUE		control	defined_soc	NULL	NULL	NULL	NULL
1749	tri08446	NCT04329195	ClinicalTrials.gov	ACE Inhibitors or ARBs Discontinuation in Context of COVID-19 Pandemic	https://clinicaltrials.gov/show/NCT04329195	EUCTR2020-001381-11; NCT04329195	2020-12-01	FALSE	FALSE	FALSE	FALSE		TRUE		experimental	NULL	NULL	drug	ACE Inhibitors;Angiotensin Receptor Blockers (ARB)	no
1749	tri08446	NCT04329195	ClinicalTrials.gov	ACE Inhibitors or ARBs Discontinuation in Context of COVID-19 Pandemic	https://clinicaltrials.gov/show/NCT04329195	EUCTR2020-001381-11; NCT04329195	2020-12-01	FALSE	FALSE	FALSE	FALSE		TRUE		control	no_treatment	NULL	NULL	NULL	NULL
1769	tri08853	NCT04817319	ClinicalTrials.gov	Risk of Contamination by COVID-19 During Oral Care With Aerosolization	https://clinicaltrials.gov/show/NCT04817319	NCT04817319	2021-10-01	FALSE	FALSE	FALSE	FALSE		TRUE		experimental	NULL	NULL	device	Dental tools	no
1770	tri08864	NCT04854486	ClinicalTrials.gov	Impact of GSE and Xylitol (Xlear) on COVID-19 Symptoms and Time to PCR Negativisation in COVID-19 Patients	https://clinicaltrials.gov/show/NCT04854486	NCT04854486	2022-03-01	FALSE	FALSE	FALSE	FALSE		TRUE		experimental	NULL	NULL	other	Grapefruit Seed Extract;Xylitol	no
1770	tri08864	NCT04854486	ClinicalTrials.gov	Impact of GSE and Xylitol (Xlear) on COVID-19 Symptoms and Time to PCR Negativisation in COVID-19 Patients	https://clinicaltrials.gov/show/NCT04854486	NCT04854486	2022-03-01	FALSE	FALSE	FALSE	FALSE		TRUE		control	placebo	no	NULL	NULL	NULL
1808	tri10000	LBCTR2021034768	LBCTR	In vivo evaluation of the virucidal efficacy of Chlorhexidine and Povidone-iodine mouthwashes against salivary SARS-CoV-2	https://lbctr.moph.gov.lb/LBCTR/Trials/Details/4770	LBCTR2021034768	2020-12-01	FALSE	FALSE	FALSE	FALSE		TRUE		experimental	NULL	NULL	drug	Povidone-iodine	no
1808	tri10000	LBCTR2021034768	LBCTR	In vivo evaluation of the virucidal efficacy of Chlorhexidine and Povidone-iodine mouthwashes against salivary SARS-CoV-2	https://lbctr.moph.gov.lb/LBCTR/Trials/Details/4770	LBCTR2021034768	2020-12-01	FALSE	FALSE	FALSE	FALSE		TRUE		experimental	NULL	NULL	drug	Chlorhexidine gluconate	no
1808	tri10000	LBCTR2021034768	LBCTR	In vivo evaluation of the virucidal efficacy of Chlorhexidine and Povidone-iodine mouthwashes against salivary SARS-CoV-2	https://lbctr.moph.gov.lb/LBCTR/Trials/Details/4770	LBCTR2021034768	2020-12-01	FALSE	FALSE	FALSE	FALSE		TRUE		control	placebo	no	NULL	NULL	NULL
1366	tri01014	NCT04351763	ClinicalTrials.gov	Amiodarone or Verapamil in COVID-19 Hospitalized Patients With Symptoms	https://clinicaltrials.gov/show/NCT04351763	EUCTR2020-001951-42; NCT04351763	2021-03-01	FALSE	FALSE	FALSE	FALSE	FALSE	TRUE		experimental	NULL	NULL	drug	Amiodarone	no
1366	tri01014	NCT04351763	ClinicalTrials.gov	Amiodarone or Verapamil in COVID-19 Hospitalized Patients With Symptoms	https://clinicaltrials.gov/show/NCT04351763	EUCTR2020-001951-42; NCT04351763	2021-03-01	FALSE	FALSE	FALSE	FALSE	FALSE	TRUE		experimental	NULL	NULL	drug	Verapamil	no
1366	tri01014	NCT04351763	ClinicalTrials.gov	Amiodarone or Verapamil in COVID-19 Hospitalized Patients With Symptoms	https://clinicaltrials.gov/show/NCT04351763	EUCTR2020-001951-42; NCT04351763	2021-03-01	FALSE	FALSE	FALSE	FALSE	FALSE	TRUE		control	undefined_soc	NULL	NULL	NULL	NULL
771	tri08148	NCT04723459	ClinicalTrials.gov	Efficacy of Nano-Ivermectin Impregnated Masks in Prevention of Covid-19 Among Healthy Contacts and Medical Staff	https://clinicaltrials.gov/show/NCT04723459	NCT04723459	2021-02-01	FALSE	FALSE	FALSE	FALSE		TRUE		experimental	NULL	NULL	drug	Ivermectin	defined_soc
771	tri08148	NCT04723459	ClinicalTrials.gov	Efficacy of Nano-Ivermectin Impregnated Masks in Prevention of Covid-19 Among Healthy Contacts and Medical Staff	https://clinicaltrials.gov/show/NCT04723459	NCT04723459	2021-02-01	FALSE	FALSE	FALSE	FALSE		TRUE		control	defined_soc	NULL	NULL	NULL	NULL
